epoch;loss
0;3.838871717453003
1;3.0318965911865234
2;2.683366298675537
3;2.1935131549835205
4;1.7884128093719482
5;1.4279028177261353
6;1.1630114316940308
7;0.9768186211585999
8;0.7759256362915039
9;0.8579051494598389
10;0.5703376531600952
11;0.4237704277038574
12;0.31892549991607666
13;0.21966007351875305
14;0.17199760675430298
15;0.11901988834142685
16;0.0983879342675209
17;0.12649036943912506
18;0.038390208035707474
19;0.019389724358916283

1/1 [==============================] - ETA: 0s
1/1 [==============================] - 3s 3s/step

1/1 [==============================] - ETA: 0s
1/1 [==============================] - 0s 38ms/step

1/1 [==============================] - ETA: 0s
1/1 [==============================] - 0s 34ms/step

1/1 [==============================] - ETA: 0s
1/1 [==============================] - 0s 36ms/step

1/1 [==============================] - ETA: 0s
1/1 [==============================] - 0s 33ms/step

1/1 [==============================] - ETA: 0s
1/1 [==============================] - 0s 46ms/step

1/1 [==============================] - ETA: 0s
1/1 [==============================] - 0s 41ms/step

1/1 [==============================] - ETA: 0s
1/1 [==============================] - 0s 41ms/step

1/1 [==============================] - ETA: 0s
1/1 [==============================] - 0s 36ms/step

1/1 [==============================] - ETA: 0s
1/1 [==============================] - 0s 36ms/step

1/1 [==============================] - ETA: 0s
1/1 [==============================] - 0s 37ms/step

1/1 [==============================] - ETA: 0s
1/1 [==============================] - 0s 30ms/step

1/1 [==============================] - ETA: 0s
1/1 [==============================] - 0s 31ms/step

1/1 [==============================] - ETA: 0s
1/1 [==============================] - 0s 36ms/step

1/1 [==============================] - ETA: 0s
1/1 [==============================] - 0s 35ms/step

1/1 [==============================] - ETA: 0s
1/1 [==============================] - 0s 37ms/step

1/1 [==============================] - ETA: 0s
1/1 [==============================] - 0s 36ms/step

1/1 [==============================] - ETA: 0s
1/1 [==============================] - 0s 31ms/step

1/1 [==============================] - ETA: 0s
1/1 [==============================] - 0s 39ms/step

1/1 [==============================] - ETA: 0s
1/1 [==============================] - 0s 33ms/step

1/1 [==============================] - ETA: 0s
1/1 [==============================] - 0s 31ms/step

1/1 [==============================] - ETA: 0s
1/1 [==============================] - 0s 36ms/step

1/1 [==============================] - ETA: 0s
1/1 [==============================] - 0s 33ms/step

1/1 [==============================] - ETA: 0s
1/1 [==============================] - 0s 35ms/step

1/1 [==============================] - ETA: 0s
1/1 [==============================] - 0s 34ms/step

1/1 [==============================] - ETA: 0s
1/1 [==============================] - 0s 33ms/step

1/1 [==============================] - ETA: 0s
1/1 [==============================] - 0s 37ms/step

1/1 [==============================] - ETA: 0s
1/1 [==============================] - 0s 38ms/step

1/1 [==============================] - ETA: 0s
1/1 [==============================] - 0s 37ms/step

1/1 [==============================] - ETA: 0s
1/1 [==============================] - 0s 33ms/step

1/1 [==============================] - ETA: 0s
1/1 [==============================] - 0s 37ms/step

1/1 [==============================] - ETA: 0s
1/1 [==============================] - 0s 33ms/step

1/1 [==============================] - ETA: 0s
1/1 [==============================] - 0s 33ms/step

1/1 [==============================] - ETA: 0s
1/1 [==============================] - 0s 35ms/step

1/1 [==============================] - ETA: 0s
1/1 [==============================] - 0s 41ms/step

1/1 [==============================] - ETA: 0s
1/1 [==============================] - 0s 33ms/step

1/1 [==============================] - ETA: 0s
1/1 [==============================] - 0s 32ms/step

1/1 [==============================] - ETA: 0s
1/1 [==============================] - 0s 33ms/step

1/1 [==============================] - ETA: 0s
1/1 [==============================] - 0s 32ms/step

1/1 [==============================] - ETA: 0s
1/1 [==============================] - 1s 1s/step

1/1 [==============================] - ETA: 0s
1/1 [==============================] - 0s 25ms/step

1/1 [==============================] - ETA: 0s
1/1 [==============================] - 0s 23ms/step

1/1 [==============================] - ETA: 0s
1/1 [==============================] - 0s 28ms/step

1/1 [==============================] - ETA: 0s
1/1 [==============================] - 0s 26ms/step

1/1 [==============================] - ETA: 0s
1/1 [==============================] - 0s 23ms/step

1/1 [==============================] - ETA: 0s
1/1 [==============================] - 0s 26ms/step

1/1 [==============================] - ETA: 0s
1/1 [==============================] - 0s 23ms/step

1/1 [==============================] - ETA: 0s
1/1 [==============================] - 0s 25ms/step

1/1 [==============================] - ETA: 0s
1/1 [==============================] - 0s 28ms/step

1/1 [==============================] - ETA: 0s
1/1 [==============================] - 0s 22ms/step

1/1 [==============================] - ETA: 0s
1/1 [==============================] - 0s 24ms/step

1/1 [==============================] - ETA: 0s
1/1 [==============================] - 0s 27ms/step

1/1 [==============================] - ETA: 0s
1/1 [==============================] - 0s 25ms/step

1/1 [==============================] - ETA: 0s
1/1 [==============================] - 0s 26ms/step

1/1 [==============================] - ETA: 0s
1/1 [==============================] - 0s 21ms/step

1/1 [==============================] - ETA: 0s
1/1 [==============================] - 0s 23ms/step

1/1 [==============================] - ETA: 0s
1/1 [==============================] - 0s 25ms/step

1/1 [==============================] - ETA: 0s
1/1 [==============================] - 0s 26ms/step

1/1 [==============================] - ETA: 0s
1/1 [==============================] - 0s 24ms/step

1/1 [==============================] - ETA: 0s
1/1 [==============================] - 0s 23ms/step

1/1 [==============================] - ETA: 0s
1/1 [==============================] - 0s 23ms/step

1/1 [==============================] - ETA: 0s
1/1 [==============================] - 0s 29ms/step

1/1 [==============================] - ETA: 0s
1/1 [==============================] - 0s 25ms/step

1/1 [==============================] - ETA: 0s
1/1 [==============================] - 0s 28ms/step

1/1 [==============================] - ETA: 0s
1/1 [==============================] - 0s 27ms/step

1/1 [==============================] - ETA: 0s
1/1 [==============================] - 0s 23ms/step

1/1 [==============================] - ETA: 0s
1/1 [==============================] - 0s 25ms/step

1/1 [==============================] - ETA: 0s
1/1 [==============================] - 0s 25ms/step

1/1 [==============================] - ETA: 0s
1/1 [==============================] - 0s 24ms/step

1/1 [==============================] - ETA: 0s
1/1 [==============================] - 0s 26ms/step

1/1 [==============================] - ETA: 0s
1/1 [==============================] - 0s 22ms/step

1/1 [==============================] - ETA: 0s
1/1 [==============================] - 0s 22ms/step

1/1 [==============================] - ETA: 0s
1/1 [==============================] - 0s 25ms/step

1/1 [==============================] - ETA: 0s
1/1 [==============================] - 0s 24ms/step

1/1 [==============================] - ETA: 0s
1/1 [==============================] - 0s 29ms/step

1/1 [==============================] - ETA: 0s
1/1 [==============================] - 0s 23ms/step

1/1 [==============================] - ETA: 0s
1/1 [==============================] - 0s 24ms/step

1/1 [==============================] - ETA: 0s
1/1 [==============================] - 0s 28ms/step

1/1 [==============================] - ETA: 0s
1/1 [==============================] - 0s 27ms/step

1/1 [==============================] - ETA: 0s
1/1 [==============================] - 0s 26ms/step

1/1 [==============================] - ETA: 0s
1/1 [==============================] - 0s 24ms/step

1/1 [==============================] - ETA: 0s
1/1 [==============================] - 0s 22ms/step

1/1 [==============================] - ETA: 0s
1/1 [==============================] - 0s 23ms/step

1/1 [==============================] - ETA: 0s
1/1 [==============================] - 0s 25ms/step

1/1 [==============================] - ETA: 0s
1/1 [==============================] - 0s 25ms/step

1/1 [==============================] - ETA: 0s
1/1 [==============================] - 0s 22ms/step

1/1 [==============================] - ETA: 0s
1/1 [==============================] - 0s 24ms/step

1/1 [==============================] - ETA: 0s
1/1 [==============================] - 0s 27ms/step

1/1 [==============================] - ETA: 0s
1/1 [==============================] - 0s 25ms/step

1/1 [==============================] - ETA: 0s
1/1 [==============================] - 0s 31ms/step

1/1 [==============================] - ETA: 0s
1/1 [==============================] - 0s 22ms/step

1/1 [==============================] - ETA: 0s
1/1 [==============================] - 0s 29ms/step

1/1 [==============================] - ETA: 0s
1/1 [==============================] - 0s 23ms/step

1/1 [==============================] - ETA: 0s
1/1 [==============================] - 0s 25ms/step

1/1 [==============================] - ETA: 0s
1/1 [==============================] - 0s 23ms/step

1/1 [==============================] - ETA: 0s
1/1 [==============================] - 0s 26ms/step

1/1 [==============================] - ETA: 0s
1/1 [==============================] - 0s 24ms/step

1/1 [==============================] - ETA: 0s
1/1 [==============================] - 0s 27ms/step

1/1 [==============================] - ETA: 0s
1/1 [==============================] - 0s 23ms/step

1/1 [==============================] - ETA: 0s
1/1 [==============================] - 0s 27ms/step

1/1 [==============================] - ETA: 0s
1/1 [==============================] - 0s 25ms/step

1/1 [==============================] - ETA: 0s
1/1 [==============================] - 0s 30ms/step

1/1 [==============================] - ETA: 0s
1/1 [==============================] - 0s 22ms/step

1/1 [==============================] - ETA: 0s
1/1 [==============================] - 0s 28ms/step

1/1 [==============================] - ETA: 0s
1/1 [==============================] - 0s 23ms/step

1/1 [==============================] - ETA: 0s
1/1 [==============================] - 0s 31ms/step

1/1 [==============================] - ETA: 0s
1/1 [==============================] - 0s 25ms/step

1/1 [==============================] - ETA: 0s
1/1 [==============================] - 0s 33ms/step

1/1 [==============================] - ETA: 0s
1/1 [==============================] - 0s 34ms/step

1/1 [==============================] - ETA: 0s
1/1 [==============================] - 0s 32ms/step

1/1 [==============================] - ETA: 0s
1/1 [==============================] - 0s 26ms/step

1/1 [==============================] - ETA: 0s
1/1 [==============================] - 0s 28ms/step

1/1 [==============================] - ETA: 0s
1/1 [==============================] - 0s 26ms/step

1/1 [==============================] - ETA: 0s
1/1 [==============================] - 0s 29ms/step

1/1 [==============================] - ETA: 0s
1/1 [==============================] - 0s 24ms/step

1/1 [==============================] - ETA: 0s
1/1 [==============================] - 0s 27ms/step

1/1 [==============================] - ETA: 0s
1/1 [==============================] - 0s 31ms/step

1/1 [==============================] - ETA: 0s
1/1 [==============================] - 0s 26ms/step

1/1 [==============================] - ETA: 0s
1/1 [==============================] - 0s 25ms/step

1/1 [==============================] - ETA: 0s
1/1 [==============================] - 0s 25ms/step

1/1 [==============================] - ETA: 0s
1/1 [==============================] - 0s 27ms/step

1/1 [==============================] - ETA: 0s
1/1 [==============================] - 0s 26ms/step

1/1 [==============================] - ETA: 0s
1/1 [==============================] - 0s 28ms/step

1/1 [==============================] - ETA: 0s
1/1 [==============================] - 0s 29ms/step

1/1 [==============================] - ETA: 0s
1/1 [==============================] - 0s 27ms/step

1/1 [==============================] - ETA: 0s
1/1 [==============================] - 0s 26ms/step

1/1 [==============================] - ETA: 0s
1/1 [==============================] - 0s 33ms/step

1/1 [==============================] - ETA: 0s
1/1 [==============================] - 0s 27ms/step

1/1 [==============================] - ETA: 0s
1/1 [==============================] - 0s 28ms/step

1/1 [==============================] - ETA: 0s
1/1 [==============================] - 0s 25ms/step

1/1 [==============================] - ETA: 0s
1/1 [==============================] - 0s 25ms/step

1/1 [==============================] - ETA: 0s
1/1 [==============================] - 0s 31ms/step

1/1 [==============================] - ETA: 0s
1/1 [==============================] - 0s 25ms/step

1/1 [==============================] - ETA: 0s
1/1 [==============================] - 0s 25ms/step

1/1 [==============================] - ETA: 0s
1/1 [==============================] - 0s 25ms/step

1/1 [==============================] - ETA: 0s
1/1 [==============================] - 0s 29ms/step

1/1 [==============================] - ETA: 0s
1/1 [==============================] - 0s 24ms/step

1/1 [==============================] - ETA: 0s
1/1 [==============================] - 0s 22ms/step

1/1 [==============================] - ETA: 0s
1/1 [==============================] - 0s 27ms/step

1/1 [==============================] - ETA: 0s
1/1 [==============================] - 0s 24ms/step

1/1 [==============================] - ETA: 0s
1/1 [==============================] - 0s 24ms/step

1/1 [==============================] - ETA: 0s
1/1 [==============================] - 0s 27ms/step

1/1 [==============================] - ETA: 0s
1/1 [==============================] - 0s 33ms/step

1/1 [==============================] - ETA: 0s
1/1 [==============================] - 0s 25ms/step

1/1 [==============================] - ETA: 0s
1/1 [==============================] - 0s 32ms/step

1/1 [==============================] - ETA: 0s
1/1 [==============================] - 0s 21ms/step

1/1 [==============================] - ETA: 0s
1/1 [==============================] - 0s 23ms/step

1/1 [==============================] - ETA: 0s
1/1 [==============================] - 0s 26ms/step

1/1 [==============================] - ETA: 0s
1/1 [==============================] - 0s 23ms/step

1/1 [==============================] - ETA: 0s
1/1 [==============================] - 0s 25ms/step

1/1 [==============================] - ETA: 0s
1/1 [==============================] - 0s 24ms/step

1/1 [==============================] - ETA: 0s
1/1 [==============================] - 0s 23ms/step

1/1 [==============================] - ETA: 0s
1/1 [==============================] - 0s 22ms/step

1/1 [==============================] - ETA: 0s
1/1 [==============================] - 0s 27ms/step

1/1 [==============================] - ETA: 0s
1/1 [==============================] - 0s 23ms/step

1/1 [==============================] - ETA: 0s
1/1 [==============================] - 0s 24ms/step

1/1 [==============================] - ETA: 0s
1/1 [==============================] - 0s 25ms/step

1/1 [==============================] - ETA: 0s
1/1 [==============================] - 0s 24ms/step

1/1 [==============================] - ETA: 0s
1/1 [==============================] - 0s 23ms/step

1/1 [==============================] - ETA: 0s
1/1 [==============================] - 0s 25ms/step

1/1 [==============================] - ETA: 0s
1/1 [==============================] - 0s 26ms/step

1/1 [==============================] - ETA: 0s
1/1 [==============================] - 0s 25ms/step

1/1 [==============================] - ETA: 0s
1/1 [==============================] - 0s 27ms/step

1/1 [==============================] - ETA: 0s
1/1 [==============================] - 0s 24ms/step

1/1 [==============================] - ETA: 0s
1/1 [==============================] - 0s 23ms/step

1/1 [==============================] - ETA: 0s
1/1 [==============================] - 0s 26ms/step

1/1 [==============================] - ETA: 0s
1/1 [==============================] - 0s 23ms/step

1/1 [==============================] - ETA: 0s
1/1 [==============================] - 0s 23ms/step

1/1 [==============================] - ETA: 0s
1/1 [==============================] - 0s 25ms/step

1/1 [==============================] - ETA: 0s
1/1 [==============================] - 0s 24ms/step

1/1 [==============================] - ETA: 0s
1/1 [==============================] - 0s 26ms/step

1/1 [==============================] - ETA: 0s
1/1 [==============================] - 0s 23ms/step

1/1 [==============================] - ETA: 0s
1/1 [==============================] - 0s 26ms/step

1/1 [==============================] - ETA: 0s
1/1 [==============================] - 0s 26ms/step

1/1 [==============================] - ETA: 0s
1/1 [==============================] - 0s 23ms/step

1/1 [==============================] - ETA: 0s
1/1 [==============================] - 0s 25ms/step

1/1 [==============================] - ETA: 0s
1/1 [==============================] - 0s 26ms/step

1/1 [==============================] - ETA: 0s
1/1 [==============================] - 0s 31ms/step

1/1 [==============================] - ETA: 0s
1/1 [==============================] - 0s 29ms/step

1/1 [==============================] - ETA: 0s
1/1 [==============================] - 0s 26ms/step

1/1 [==============================] - ETA: 0s
1/1 [==============================] - 0s 25ms/step

1/1 [==============================] - ETA: 0s
1/1 [==============================] - 0s 25ms/step

1/1 [==============================] - ETA: 0s
1/1 [==============================] - 0s 28ms/step

1/1 [==============================] - ETA: 0s
1/1 [==============================] - 0s 27ms/step

1/1 [==============================] - ETA: 0s
1/1 [==============================] - 0s 25ms/step

1/1 [==============================] - ETA: 0s
1/1 [==============================] - 0s 24ms/step

1/1 [==============================] - ETA: 0s
1/1 [==============================] - 0s 26ms/step

1/1 [==============================] - ETA: 0s
1/1 [==============================] - 0s 26ms/step

1/1 [==============================] - ETA: 0s
1/1 [==============================] - 0s 29ms/step

1/1 [==============================] - ETA: 0s
1/1 [==============================] - 0s 26ms/step

1/1 [==============================] - ETA: 0s
1/1 [==============================] - 0s 28ms/step

1/1 [==============================] - ETA: 0s
1/1 [==============================] - 0s 23ms/step

1/1 [==============================] - ETA: 0s
1/1 [==============================] - 0s 24ms/step

1/1 [==============================] - ETA: 0s
1/1 [==============================] - 0s 30ms/step

1/1 [==============================] - ETA: 0s
1/1 [==============================] - 0s 27ms/step

1/1 [==============================] - ETA: 0s
1/1 [==============================] - 0s 24ms/step

1/1 [==============================] - ETA: 0s
1/1 [==============================] - 0s 24ms/step

1/1 [==============================] - ETA: 0s
1/1 [==============================] - 0s 30ms/step

1/1 [==============================] - ETA: 0s
1/1 [==============================] - 0s 23ms/step

1/1 [==============================] - ETA: 0s
1/1 [==============================] - 0s 24ms/step

1/1 [==============================] - ETA: 0s
1/1 [==============================] - 0s 27ms/step

1/1 [==============================] - ETA: 0s
1/1 [==============================] - 0s 26ms/step

1/1 [==============================] - ETA: 0s
1/1 [==============================] - 0s 23ms/step

1/1 [==============================] - ETA: 0s
1/1 [==============================] - 0s 29ms/step

1/1 [==============================] - ETA: 0s
1/1 [==============================] - 0s 22ms/step

1/1 [==============================] - ETA: 0s
1/1 [==============================] - 0s 22ms/step

1/1 [==============================] - ETA: 0s
1/1 [==============================] - 0s 24ms/step

1/1 [==============================] - ETA: 0s
1/1 [==============================] - 0s 24ms/step

1/1 [==============================] - ETA: 0s
1/1 [==============================] - 0s 25ms/step

1/1 [==============================] - ETA: 0s
1/1 [==============================] - 0s 26ms/step

1/1 [==============================] - ETA: 0s
1/1 [==============================] - 0s 29ms/step

1/1 [==============================] - ETA: 0s
1/1 [==============================] - 0s 26ms/step

1/1 [==============================] - ETA: 0s
1/1 [==============================] - 0s 30ms/step

1/1 [==============================] - ETA: 0s
1/1 [==============================] - 0s 23ms/step

1/1 [==============================] - ETA: 0s
1/1 [==============================] - 0s 22ms/step

1/1 [==============================] - ETA: 0s
1/1 [==============================] - 0s 28ms/step

1/1 [==============================] - ETA: 0s
1/1 [==============================] - 0s 28ms/step

1/1 [==============================] - ETA: 0s
1/1 [==============================] - 0s 23ms/step

1/1 [==============================] - ETA: 0s
1/1 [==============================] - 0s 25ms/step

1/1 [==============================] - ETA: 0s
1/1 [==============================] - 0s 29ms/step

1/1 [==============================] - ETA: 0s
1/1 [==============================] - 0s 23ms/step

1/1 [==============================] - ETA: 0s
1/1 [==============================] - 0s 29ms/step

1/1 [==============================] - ETA: 0s
1/1 [==============================] - 0s 23ms/step

1/1 [==============================] - ETA: 0s
1/1 [==============================] - 0s 23ms/step

1/1 [==============================] - ETA: 0s
1/1 [==============================] - 0s 22ms/step

1/1 [==============================] - ETA: 0s
1/1 [==============================] - 0s 29ms/step

1/1 [==============================] - ETA: 0s
1/1 [==============================] - 0s 26ms/step

1/1 [==============================] - ETA: 0s
1/1 [==============================] - 0s 24ms/step

1/1 [==============================] - ETA: 0s
1/1 [==============================] - 0s 25ms/step

1/1 [==============================] - ETA: 0s
1/1 [==============================] - 0s 28ms/step

1/1 [==============================] - ETA: 0s
1/1 [==============================] - 0s 29ms/step

1/1 [==============================] - ETA: 0s
1/1 [==============================] - 0s 29ms/step

1/1 [==============================] - ETA: 0s
1/1 [==============================] - 0s 23ms/step

1/1 [==============================] - ETA: 0s
1/1 [==============================] - 0s 24ms/step

1/1 [==============================] - ETA: 0s
1/1 [==============================] - 0s 30ms/step

1/1 [==============================] - ETA: 0s
1/1 [==============================] - 0s 26ms/step

1/1 [==============================] - ETA: 0s
1/1 [==============================] - 0s 24ms/step

1/1 [==============================] - ETA: 0s
1/1 [==============================] - 0s 25ms/step

1/1 [==============================] - ETA: 0s
1/1 [==============================] - 0s 29ms/step

1/1 [==============================] - ETA: 0s
1/1 [==============================] - 0s 22ms/step

1/1 [==============================] - ETA: 0s
1/1 [==============================] - 0s 23ms/step

1/1 [==============================] - ETA: 0s
1/1 [==============================] - 0s 24ms/step

1/1 [==============================] - ETA: 0s
1/1 [==============================] - 0s 29ms/step

1/1 [==============================] - ETA: 0s
1/1 [==============================] - 0s 29ms/step

1/1 [==============================] - ETA: 0s
1/1 [==============================] - 0s 21ms/step

1/1 [==============================] - ETA: 0s
1/1 [==============================] - 0s 27ms/step

1/1 [==============================] - ETA: 0s
1/1 [==============================] - 0s 21ms/step

1/1 [==============================] - ETA: 0s
1/1 [==============================] - 0s 22ms/step

1/1 [==============================] - ETA: 0s
1/1 [==============================] - 0s 24ms/step

1/1 [==============================] - ETA: 0s
1/1 [==============================] - 0s 23ms/step

1/1 [==============================] - ETA: 0s
1/1 [==============================] - 0s 31ms/step

1/1 [==============================] - ETA: 0s
1/1 [==============================] - 0s 23ms/step

1/1 [==============================] - ETA: 0s
1/1 [==============================] - 0s 31ms/step

1/1 [==============================] - ETA: 0s
1/1 [==============================] - 0s 23ms/step

1/1 [==============================] - ETA: 0s
1/1 [==============================] - 0s 27ms/step

1/1 [==============================] - ETA: 0s
1/1 [==============================] - 0s 26ms/step

1/1 [==============================] - ETA: 0s
1/1 [==============================] - 0s 23ms/step

1/1 [==============================] - ETA: 0s
1/1 [==============================] - 0s 27ms/step

1/1 [==============================] - ETA: 0s
1/1 [==============================] - 0s 24ms/step

1/1 [==============================] - ETA: 0s
1/1 [==============================] - 0s 28ms/step

1/1 [==============================] - ETA: 0s
1/1 [==============================] - 0s 30ms/step

1/1 [==============================] - ETA: 0s
1/1 [==============================] - 0s 27ms/step

1/1 [==============================] - ETA: 0s
1/1 [==============================] - 0s 30ms/step

1/1 [==============================] - ETA: 0s
1/1 [==============================] - 0s 25ms/step

1/1 [==============================] - ETA: 0s
1/1 [==============================] - 0s 29ms/step

1/1 [==============================] - ETA: 0s
1/1 [==============================] - 0s 25ms/step

1/1 [==============================] - ETA: 0s
1/1 [==============================] - 0s 28ms/step

1/1 [==============================] - ETA: 0s
1/1 [==============================] - 0s 25ms/step

1/1 [==============================] - ETA: 0s
1/1 [==============================] - 0s 23ms/step

1/1 [==============================] - ETA: 0s
1/1 [==============================] - 0s 27ms/step

1/1 [==============================] - ETA: 0s
1/1 [==============================] - 0s 31ms/step

1/1 [==============================] - ETA: 0s
1/1 [==============================] - 0s 26ms/step

1/1 [==============================] - ETA: 0s
1/1 [==============================] - 0s 27ms/step

1/1 [==============================] - ETA: 0s
1/1 [==============================] - 0s 27ms/step

1/1 [==============================] - ETA: 0s
1/1 [==============================] - 0s 32ms/step

1/1 [==============================] - ETA: 0s
1/1 [==============================] - 0s 23ms/step

1/1 [==============================] - ETA: 0s
1/1 [==============================] - 0s 23ms/step

1/1 [==============================] - ETA: 0s
1/1 [==============================] - 0s 23ms/step

1/1 [==============================] - ETA: 0s
1/1 [==============================] - 0s 26ms/step

1/1 [==============================] - ETA: 0s
1/1 [==============================] - 0s 25ms/step

1/1 [==============================] - ETA: 0s
1/1 [==============================] - 0s 24ms/step

1/1 [==============================] - ETA: 0s
1/1 [==============================] - 0s 28ms/step

1/1 [==============================] - ETA: 0s
1/1 [==============================] - 0s 22ms/step

1/1 [==============================] - ETA: 0s
1/1 [==============================] - 0s 28ms/step

1/1 [==============================] - ETA: 0s
1/1 [==============================] - 0s 22ms/step

1/1 [==============================] - ETA: 0s
1/1 [==============================] - 0s 26ms/step

1/1 [==============================] - ETA: 0s
1/1 [==============================] - 0s 31ms/step

1/1 [==============================] - ETA: 0s
1/1 [==============================] - 0s 21ms/step

1/1 [==============================] - ETA: 0s
1/1 [==============================] - 0s 24ms/step

1/1 [==============================] - ETA: 0s
1/1 [==============================] - 0s 22ms/step

1/1 [==============================] - ETA: 0s
1/1 [==============================] - 0s 21ms/step

1/1 [==============================] - ETA: 0s
1/1 [==============================] - 0s 21ms/step

1/1 [==============================] - ETA: 0s
1/1 [==============================] - 0s 22ms/step

1/1 [==============================] - ETA: 0s
1/1 [==============================] - 0s 23ms/step

1/1 [==============================] - ETA: 0s
1/1 [==============================] - 0s 23ms/step

1/1 [==============================] - ETA: 0s
1/1 [==============================] - 0s 20ms/step

1/1 [==============================] - ETA: 0s
1/1 [==============================] - 0s 21ms/step

1/1 [==============================] - ETA: 0s
1/1 [==============================] - 0s 21ms/step

1/1 [==============================] - ETA: 0s
1/1 [==============================] - 0s 20ms/step

1/1 [==============================] - ETA: 0s
1/1 [==============================] - 0s 28ms/step

1/1 [==============================] - ETA: 0s
1/1 [==============================] - 0s 20ms/step

1/1 [==============================] - ETA: 0s
1/1 [==============================] - 0s 21ms/step

1/1 [==============================] - ETA: 0s
1/1 [==============================] - 0s 21ms/step

1/1 [==============================] - ETA: 0s
1/1 [==============================] - 0s 24ms/step

1/1 [==============================] - ETA: 0s
1/1 [==============================] - 0s 23ms/step

1/1 [==============================] - ETA: 0s
1/1 [==============================] - 0s 23ms/step

1/1 [==============================] - ETA: 0s
1/1 [==============================] - 0s 29ms/step

1/1 [==============================] - ETA: 0s
1/1 [==============================] - 0s 28ms/step

1/1 [==============================] - ETA: 0s
1/1 [==============================] - 0s 23ms/step

1/1 [==============================] - ETA: 0s
1/1 [==============================] - 0s 24ms/step

1/1 [==============================] - ETA: 0s
1/1 [==============================] - 0s 27ms/step

1/1 [==============================] - ETA: 0s
1/1 [==============================] - 0s 23ms/step

1/1 [==============================] - ETA: 0s
1/1 [==============================] - 0s 27ms/step

1/1 [==============================] - ETA: 0s
1/1 [==============================] - 3s 3s/step

1/1 [==============================] - ETA: 0s
1/1 [==============================] - 0s 46ms/step

1/1 [==============================] - ETA: 0s
1/1 [==============================] - 0s 48ms/step

1/1 [==============================] - ETA: 0s
1/1 [==============================] - 0s 28ms/step

1/1 [==============================] - ETA: 0s
1/1 [==============================] - 0s 28ms/step

1/1 [==============================] - ETA: 0s
1/1 [==============================] - 0s 27ms/step

1/1 [==============================] - ETA: 0s
1/1 [==============================] - 0s 32ms/step

1/1 [==============================] - ETA: 0s
1/1 [==============================] - 0s 31ms/step

1/1 [==============================] - ETA: 0s
1/1 [==============================] - 0s 31ms/step

1/1 [==============================] - ETA: 0s
1/1 [==============================] - 0s 34ms/step

1/1 [==============================] - ETA: 0s
1/1 [==============================] - 0s 31ms/step

1/1 [==============================] - ETA: 0s
1/1 [==============================] - 0s 33ms/step

1/1 [==============================] - ETA: 0s
1/1 [==============================] - 0s 31ms/step

1/1 [==============================] - ETA: 0s
1/1 [==============================] - 0s 30ms/step

1/1 [==============================] - ETA: 0s
1/1 [==============================] - 0s 32ms/step

1/1 [==============================] - ETA: 0s
1/1 [==============================] - 0s 32ms/step

1/1 [==============================] - ETA: 0s
1/1 [==============================] - 0s 30ms/step

1/1 [==============================] - ETA: 0s
1/1 [==============================] - 0s 30ms/step

1/1 [==============================] - ETA: 0s
1/1 [==============================] - 0s 30ms/step

1/1 [==============================] - ETA: 0s
1/1 [==============================] - 0s 34ms/step

1/1 [==============================] - ETA: 0s
1/1 [==============================] - 0s 31ms/step

1/1 [==============================] - ETA: 0s
1/1 [==============================] - 0s 30ms/step

1/1 [==============================] - ETA: 0s
1/1 [==============================] - 0s 29ms/step

1/1 [==============================] - ETA: 0s
1/1 [==============================] - 0s 33ms/step

1/1 [==============================] - ETA: 0s
1/1 [==============================] - 0s 32ms/step

1/1 [==============================] - ETA: 0s
1/1 [==============================] - 0s 31ms/step

1/1 [==============================] - ETA: 0s
1/1 [==============================] - 0s 30ms/step

1/1 [==============================] - ETA: 0s
1/1 [==============================] - 0s 31ms/step

1/1 [==============================] - ETA: 0s
1/1 [==============================] - 0s 29ms/step

1/1 [==============================] - ETA: 0s
1/1 [==============================] - 0s 31ms/step

1/1 [==============================] - ETA: 0s
1/1 [==============================] - 0s 31ms/step

1/1 [==============================] - ETA: 0s
1/1 [==============================] - 0s 31ms/step

1/1 [==============================] - ETA: 0s
1/1 [==============================] - 0s 33ms/step

1/1 [==============================] - ETA: 0s
1/1 [==============================] - 0s 32ms/step

1/1 [==============================] - ETA: 0s
1/1 [==============================] - 0s 30ms/step

1/1 [==============================] - ETA: 0s
1/1 [==============================] - 0s 29ms/step

1/1 [==============================] - ETA: 0s
1/1 [==============================] - 0s 29ms/step

1/1 [==============================] - ETA: 0s
1/1 [==============================] - 0s 30ms/step

1/1 [==============================] - ETA: 0s
1/1 [==============================] - 0s 31ms/step

1/1 [==============================] - ETA: 0s
1/1 [==============================] - 1s 1s/step

1/1 [==============================] - ETA: 0s
1/1 [==============================] - 0s 24ms/step

1/1 [==============================] - ETA: 0s
1/1 [==============================] - 0s 22ms/step

1/1 [==============================] - ETA: 0s
1/1 [==============================] - 0s 27ms/step

1/1 [==============================] - ETA: 0s
1/1 [==============================] - 0s 23ms/step

1/1 [==============================] - ETA: 0s
1/1 [==============================] - 0s 26ms/step

1/1 [==============================] - ETA: 0s
1/1 [==============================] - 0s 22ms/step

1/1 [==============================] - ETA: 0s
1/1 [==============================] - 0s 24ms/step

1/1 [==============================] - ETA: 0s
1/1 [==============================] - 0s 21ms/step

1/1 [==============================] - ETA: 0s
1/1 [==============================] - 0s 23ms/step

1/1 [==============================] - ETA: 0s
1/1 [==============================] - 0s 27ms/step

1/1 [==============================] - ETA: 0s
1/1 [==============================] - 0s 26ms/step

1/1 [==============================] - ETA: 0s
1/1 [==============================] - 0s 28ms/step

1/1 [==============================] - ETA: 0s
1/1 [==============================] - 0s 29ms/step

1/1 [==============================] - ETA: 0s
1/1 [==============================] - 0s 29ms/step

1/1 [==============================] - ETA: 0s
1/1 [==============================] - 0s 25ms/step

1/1 [==============================] - ETA: 0s
1/1 [==============================] - 0s 22ms/step

1/1 [==============================] - ETA: 0s
1/1 [==============================] - 0s 24ms/step

1/1 [==============================] - ETA: 0s
1/1 [==============================] - 0s 28ms/step

1/1 [==============================] - ETA: 0s
1/1 [==============================] - 0s 29ms/step

1/1 [==============================] - ETA: 0s
1/1 [==============================] - 0s 24ms/step

1/1 [==============================] - ETA: 0s
1/1 [==============================] - 0s 29ms/step

1/1 [==============================] - ETA: 0s
1/1 [==============================] - 0s 24ms/step

1/1 [==============================] - ETA: 0s
1/1 [==============================] - 0s 22ms/step

1/1 [==============================] - ETA: 0s
1/1 [==============================] - 0s 24ms/step

1/1 [==============================] - ETA: 0s
1/1 [==============================] - 0s 23ms/step

1/1 [==============================] - ETA: 0s
1/1 [==============================] - 0s 22ms/step

1/1 [==============================] - ETA: 0s
1/1 [==============================] - 0s 30ms/step

1/1 [==============================] - ETA: 0s
1/1 [==============================] - 0s 24ms/step

1/1 [==============================] - ETA: 0s
1/1 [==============================] - 0s 26ms/step

1/1 [==============================] - ETA: 0s
1/1 [==============================] - 0s 27ms/step

1/1 [==============================] - ETA: 0s
1/1 [==============================] - 0s 23ms/step

1/1 [==============================] - ETA: 0s
1/1 [==============================] - 0s 24ms/step

1/1 [==============================] - ETA: 0s
1/1 [==============================] - 0s 29ms/step

1/1 [==============================] - ETA: 0s
1/1 [==============================] - 0s 21ms/step

1/1 [==============================] - ETA: 0s
1/1 [==============================] - 0s 24ms/step

1/1 [==============================] - ETA: 0s
1/1 [==============================] - 0s 26ms/step

1/1 [==============================] - ETA: 0s
1/1 [==============================] - 0s 32ms/step

1/1 [==============================] - ETA: 0s
1/1 [==============================] - 0s 27ms/step

1/1 [==============================] - ETA: 0s
1/1 [==============================] - 0s 24ms/step

1/1 [==============================] - ETA: 0s
1/1 [==============================] - 0s 25ms/step

1/1 [==============================] - ETA: 0s
1/1 [==============================] - 0s 22ms/step

1/1 [==============================] - ETA: 0s
1/1 [==============================] - 0s 22ms/step

1/1 [==============================] - ETA: 0s
1/1 [==============================] - 0s 23ms/step

1/1 [==============================] - ETA: 0s
1/1 [==============================] - 0s 23ms/step

1/1 [==============================] - ETA: 0s
1/1 [==============================] - 0s 21ms/step

1/1 [==============================] - ETA: 0s
1/1 [==============================] - 0s 26ms/step

1/1 [==============================] - ETA: 0s
1/1 [==============================] - 0s 24ms/step

1/1 [==============================] - ETA: 0s
1/1 [==============================] - 0s 24ms/step

1/1 [==============================] - ETA: 0s
1/1 [==============================] - 0s 27ms/step

1/1 [==============================] - ETA: 0s
1/1 [==============================] - 0s 28ms/step

1/1 [==============================] - ETA: 0s
1/1 [==============================] - 0s 28ms/step

1/1 [==============================] - ETA: 0s
1/1 [==============================] - 0s 28ms/step

1/1 [==============================] - ETA: 0s
1/1 [==============================] - 0s 25ms/step

1/1 [==============================] - ETA: 0s
1/1 [==============================] - 0s 23ms/step

1/1 [==============================] - ETA: 0s
1/1 [==============================] - 0s 28ms/step

1/1 [==============================] - ETA: 0s
1/1 [==============================] - 0s 23ms/step

1/1 [==============================] - ETA: 0s
1/1 [==============================] - 0s 30ms/step

1/1 [==============================] - ETA: 0s
1/1 [==============================] - 0s 26ms/step

1/1 [==============================] - ETA: 0s
1/1 [==============================] - 0s 27ms/step

1/1 [==============================] - ETA: 0s
1/1 [==============================] - 0s 26ms/step

1/1 [==============================] - ETA: 0s
1/1 [==============================] - 0s 29ms/step

1/1 [==============================] - ETA: 0s
1/1 [==============================] - 0s 23ms/step

1/1 [==============================] - ETA: 0s
1/1 [==============================] - 0s 28ms/step

1/1 [==============================] - ETA: 0s
1/1 [==============================] - 0s 29ms/step

1/1 [==============================] - ETA: 0s
1/1 [==============================] - 0s 28ms/step

1/1 [==============================] - ETA: 0s
1/1 [==============================] - 0s 24ms/step

1/1 [==============================] - ETA: 0s
1/1 [==============================] - 0s 24ms/step

1/1 [==============================] - ETA: 0s
1/1 [==============================] - 0s 26ms/step

1/1 [==============================] - ETA: 0s
1/1 [==============================] - 0s 29ms/step

1/1 [==============================] - ETA: 0s
1/1 [==============================] - 0s 24ms/step

1/1 [==============================] - ETA: 0s
1/1 [==============================] - 0s 23ms/step

1/1 [==============================] - ETA: 0s
1/1 [==============================] - 0s 24ms/step

1/1 [==============================] - ETA: 0s
1/1 [==============================] - 0s 28ms/step

1/1 [==============================] - ETA: 0s
1/1 [==============================] - 0s 24ms/step

1/1 [==============================] - ETA: 0s
1/1 [==============================] - 0s 23ms/step

1/1 [==============================] - ETA: 0s
1/1 [==============================] - 0s 28ms/step

1/1 [==============================] - ETA: 0s
1/1 [==============================] - 0s 22ms/step

1/1 [==============================] - ETA: 0s
1/1 [==============================] - 0s 23ms/step

1/1 [==============================] - ETA: 0s
1/1 [==============================] - 0s 26ms/step

1/1 [==============================] - ETA: 0s
1/1 [==============================] - 0s 25ms/step

1/1 [==============================] - ETA: 0s
1/1 [==============================] - 0s 22ms/step

1/1 [==============================] - ETA: 0s
1/1 [==============================] - 0s 23ms/step

1/1 [==============================] - ETA: 0s
1/1 [==============================] - 0s 22ms/step

1/1 [==============================] - ETA: 0s
1/1 [==============================] - 0s 22ms/step

1/1 [==============================] - ETA: 0s
1/1 [==============================] - 0s 22ms/step

1/1 [==============================] - ETA: 0s
1/1 [==============================] - 0s 30ms/step

1/1 [==============================] - ETA: 0s
1/1 [==============================] - 0s 24ms/step

1/1 [==============================] - ETA: 0s
1/1 [==============================] - 0s 21ms/step

1/1 [==============================] - ETA: 0s
1/1 [==============================] - 0s 25ms/step

1/1 [==============================] - ETA: 0s
1/1 [==============================] - 0s 30ms/step

1/1 [==============================] - ETA: 0s
1/1 [==============================] - 0s 24ms/step

1/1 [==============================] - ETA: 0s
1/1 [==============================] - 0s 24ms/step

1/1 [==============================] - ETA: 0s
1/1 [==============================] - 0s 23ms/step

1/1 [==============================] - ETA: 0s
1/1 [==============================] - 0s 25ms/step

1/1 [==============================] - ETA: 0s
1/1 [==============================] - 0s 29ms/step

1/1 [==============================] - ETA: 0s
1/1 [==============================] - 0s 25ms/step

1/1 [==============================] - ETA: 0s
1/1 [==============================] - 0s 22ms/step

1/1 [==============================] - ETA: 0s
1/1 [==============================] - 0s 23ms/step

1/1 [==============================] - ETA: 0s
1/1 [==============================] - 0s 22ms/step

1/1 [==============================] - ETA: 0s
1/1 [==============================] - 0s 27ms/step

1/1 [==============================] - ETA: 0s
1/1 [==============================] - 0s 25ms/step

1/1 [==============================] - ETA: 0s
1/1 [==============================] - 0s 22ms/step

1/1 [==============================] - ETA: 0s
1/1 [==============================] - 0s 23ms/step

1/1 [==============================] - ETA: 0s
1/1 [==============================] - 0s 28ms/step

1/1 [==============================] - ETA: 0s
1/1 [==============================] - 0s 26ms/step

1/1 [==============================] - ETA: 0s
1/1 [==============================] - 0s 26ms/step

1/1 [==============================] - ETA: 0s
1/1 [==============================] - 0s 23ms/step

1/1 [==============================] - ETA: 0s
1/1 [==============================] - 0s 23ms/step

1/1 [==============================] - ETA: 0s
1/1 [==============================] - 0s 26ms/step

1/1 [==============================] - ETA: 0s
1/1 [==============================] - 0s 22ms/step

1/1 [==============================] - ETA: 0s
1/1 [==============================] - 0s 23ms/step

1/1 [==============================] - ETA: 0s
1/1 [==============================] - 0s 23ms/step

1/1 [==============================] - ETA: 0s
1/1 [==============================] - 0s 24ms/step

1/1 [==============================] - ETA: 0s
1/1 [==============================] - 0s 25ms/step

1/1 [==============================] - ETA: 0s
1/1 [==============================] - 0s 26ms/step

1/1 [==============================] - ETA: 0s
1/1 [==============================] - 0s 21ms/step

1/1 [==============================] - ETA: 0s
1/1 [==============================] - 0s 23ms/step

1/1 [==============================] - ETA: 0s
1/1 [==============================] - 0s 28ms/step

1/1 [==============================] - ETA: 0s
1/1 [==============================] - 0s 26ms/step

1/1 [==============================] - ETA: 0s
1/1 [==============================] - 0s 25ms/step

1/1 [==============================] - ETA: 0s
1/1 [==============================] - 0s 24ms/step

1/1 [==============================] - ETA: 0s
1/1 [==============================] - 0s 25ms/step

1/1 [==============================] - ETA: 0s
1/1 [==============================] - 0s 27ms/step

1/1 [==============================] - ETA: 0s
1/1 [==============================] - 0s 22ms/step

1/1 [==============================] - ETA: 0s
1/1 [==============================] - 0s 25ms/step

1/1 [==============================] - ETA: 0s
1/1 [==============================] - 0s 25ms/step

1/1 [==============================] - ETA: 0s
1/1 [==============================] - 0s 22ms/step

1/1 [==============================] - ETA: 0s
1/1 [==============================] - 0s 25ms/step

1/1 [==============================] - ETA: 0s
1/1 [==============================] - 0s 23ms/step

1/1 [==============================] - ETA: 0s
1/1 [==============================] - 0s 26ms/step

1/1 [==============================] - ETA: 0s
1/1 [==============================] - 0s 25ms/step

1/1 [==============================] - ETA: 0s
1/1 [==============================] - 0s 25ms/step

1/1 [==============================] - ETA: 0s
1/1 [==============================] - 0s 24ms/step

1/1 [==============================] - ETA: 0s
1/1 [==============================] - 0s 25ms/step

1/1 [==============================] - ETA: 0s
1/1 [==============================] - 0s 23ms/step

1/1 [==============================] - ETA: 0s
1/1 [==============================] - 0s 23ms/step

1/1 [==============================] - ETA: 0s
1/1 [==============================] - 0s 23ms/step

1/1 [==============================] - ETA: 0s
1/1 [==============================] - 0s 23ms/step

1/1 [==============================] - ETA: 0s
1/1 [==============================] - 0s 25ms/step

1/1 [==============================] - ETA: 0s
1/1 [==============================] - 0s 23ms/step

1/1 [==============================] - ETA: 0s
1/1 [==============================] - 0s 25ms/step

1/1 [==============================] - ETA: 0s
1/1 [==============================] - 0s 24ms/step

1/1 [==============================] - ETA: 0s
1/1 [==============================] - 0s 28ms/step

1/1 [==============================] - ETA: 0s
1/1 [==============================] - 0s 26ms/step

1/1 [==============================] - ETA: 0s
1/1 [==============================] - 0s 23ms/step

1/1 [==============================] - ETA: 0s
1/1 [==============================] - 0s 24ms/step

1/1 [==============================] - ETA: 0s
1/1 [==============================] - 0s 23ms/step

1/1 [==============================] - ETA: 0s
1/1 [==============================] - 0s 24ms/step

1/1 [==============================] - ETA: 0s
1/1 [==============================] - 0s 24ms/step

1/1 [==============================] - ETA: 0s
1/1 [==============================] - 0s 22ms/step

1/1 [==============================] - ETA: 0s
1/1 [==============================] - 0s 28ms/step

1/1 [==============================] - ETA: 0s
1/1 [==============================] - 0s 23ms/step

1/1 [==============================] - ETA: 0s
1/1 [==============================] - 0s 23ms/step

1/1 [==============================] - ETA: 0s
1/1 [==============================] - 0s 27ms/step

1/1 [==============================] - ETA: 0s
1/1 [==============================] - 0s 22ms/step

1/1 [==============================] - ETA: 0s
1/1 [==============================] - 0s 29ms/step

1/1 [==============================] - ETA: 0s
1/1 [==============================] - 0s 24ms/step

1/1 [==============================] - ETA: 0s
1/1 [==============================] - 0s 23ms/step

1/1 [==============================] - ETA: 0s
1/1 [==============================] - 0s 25ms/step

1/1 [==============================] - ETA: 0s
1/1 [==============================] - 0s 30ms/step

1/1 [==============================] - ETA: 0s
1/1 [==============================] - 0s 26ms/step

1/1 [==============================] - ETA: 0s
1/1 [==============================] - 0s 26ms/step

1/1 [==============================] - ETA: 0s
1/1 [==============================] - 0s 24ms/step

1/1 [==============================] - ETA: 0s
1/1 [==============================] - 0s 25ms/step

1/1 [==============================] - ETA: 0s
1/1 [==============================] - 0s 24ms/step

1/1 [==============================] - ETA: 0s
1/1 [==============================] - 0s 29ms/step

1/1 [==============================] - ETA: 0s
1/1 [==============================] - 0s 25ms/step

1/1 [==============================] - ETA: 0s
1/1 [==============================] - 0s 28ms/step

1/1 [==============================] - ETA: 0s
1/1 [==============================] - 0s 24ms/step

1/1 [==============================] - ETA: 0s
1/1 [==============================] - 0s 23ms/step

1/1 [==============================] - ETA: 0s
1/1 [==============================] - 0s 23ms/step

1/1 [==============================] - ETA: 0s
1/1 [==============================] - 0s 23ms/step

1/1 [==============================] - ETA: 0s
1/1 [==============================] - 0s 26ms/step

1/1 [==============================] - ETA: 0s
1/1 [==============================] - 0s 25ms/step

1/1 [==============================] - ETA: 0s
1/1 [==============================] - 0s 28ms/step

1/1 [==============================] - ETA: 0s
1/1 [==============================] - 0s 30ms/step

1/1 [==============================] - ETA: 0s
1/1 [==============================] - 0s 31ms/step

1/1 [==============================] - ETA: 0s
1/1 [==============================] - 0s 25ms/step

1/1 [==============================] - ETA: 0s
1/1 [==============================] - 0s 22ms/step

1/1 [==============================] - ETA: 0s
1/1 [==============================] - 0s 23ms/step

1/1 [==============================] - ETA: 0s
1/1 [==============================] - 0s 28ms/step

1/1 [==============================] - ETA: 0s
1/1 [==============================] - 0s 24ms/step

1/1 [==============================] - ETA: 0s
1/1 [==============================] - 0s 23ms/step

1/1 [==============================] - ETA: 0s
1/1 [==============================] - 0s 27ms/step

1/1 [==============================] - ETA: 0s
1/1 [==============================] - 0s 25ms/step

1/1 [==============================] - ETA: 0s
1/1 [==============================] - 0s 25ms/step

1/1 [==============================] - ETA: 0s
1/1 [==============================] - 0s 25ms/step

1/1 [==============================] - ETA: 0s
1/1 [==============================] - 0s 26ms/step

1/1 [==============================] - ETA: 0s
1/1 [==============================] - 0s 22ms/step

1/1 [==============================] - ETA: 0s
1/1 [==============================] - 0s 28ms/step

1/1 [==============================] - ETA: 0s
1/1 [==============================] - 0s 22ms/step

1/1 [==============================] - ETA: 0s
1/1 [==============================] - 0s 23ms/step

1/1 [==============================] - ETA: 0s
1/1 [==============================] - 0s 22ms/step

1/1 [==============================] - ETA: 0s
1/1 [==============================] - 0s 28ms/step

1/1 [==============================] - ETA: 0s
1/1 [==============================] - 0s 29ms/step

1/1 [==============================] - ETA: 0s
1/1 [==============================] - 0s 27ms/step

1/1 [==============================] - ETA: 0s
1/1 [==============================] - 0s 28ms/step

1/1 [==============================] - ETA: 0s
1/1 [==============================] - 0s 27ms/step

1/1 [==============================] - ETA: 0s
1/1 [==============================] - 0s 25ms/step

1/1 [==============================] - ETA: 0s
1/1 [==============================] - 0s 24ms/step

1/1 [==============================] - ETA: 0s
1/1 [==============================] - 0s 28ms/step

1/1 [==============================] - ETA: 0s
1/1 [==============================] - 0s 27ms/step

1/1 [==============================] - ETA: 0s
1/1 [==============================] - 0s 33ms/step

1/1 [==============================] - ETA: 0s
1/1 [==============================] - 0s 24ms/step

1/1 [==============================] - ETA: 0s
1/1 [==============================] - 0s 22ms/step

1/1 [==============================] - ETA: 0s
1/1 [==============================] - 0s 22ms/step

1/1 [==============================] - ETA: 0s
1/1 [==============================] - 0s 22ms/step

1/1 [==============================] - ETA: 0s
1/1 [==============================] - 0s 26ms/step

1/1 [==============================] - ETA: 0s
1/1 [==============================] - 0s 26ms/step

1/1 [==============================] - ETA: 0s
1/1 [==============================] - 0s 23ms/step

1/1 [==============================] - ETA: 0s
1/1 [==============================] - 0s 26ms/step

1/1 [==============================] - ETA: 0s
1/1 [==============================] - 0s 26ms/step

1/1 [==============================] - ETA: 0s
1/1 [==============================] - 0s 26ms/step

1/1 [==============================] - ETA: 0s
1/1 [==============================] - 0s 26ms/step

1/1 [==============================] - ETA: 0s
1/1 [==============================] - 0s 24ms/step

1/1 [==============================] - ETA: 0s
1/1 [==============================] - 0s 24ms/step

1/1 [==============================] - ETA: 0s
1/1 [==============================] - 0s 27ms/step

1/1 [==============================] - ETA: 0s
1/1 [==============================] - 0s 27ms/step

1/1 [==============================] - ETA: 0s
1/1 [==============================] - 0s 25ms/step

1/1 [==============================] - ETA: 0s
1/1 [==============================] - 0s 23ms/step

1/1 [==============================] - ETA: 0s
1/1 [==============================] - 0s 24ms/step

1/1 [==============================] - ETA: 0s
1/1 [==============================] - 0s 23ms/step

1/1 [==============================] - ETA: 0s
1/1 [==============================] - 0s 24ms/step

1/1 [==============================] - ETA: 0s
1/1 [==============================] - 0s 24ms/step

1/1 [==============================] - ETA: 0s
1/1 [==============================] - 0s 26ms/step

1/1 [==============================] - ETA: 0s
1/1 [==============================] - 0s 22ms/step

1/1 [==============================] - ETA: 0s
1/1 [==============================] - 0s 23ms/step

1/1 [==============================] - ETA: 0s
1/1 [==============================] - 0s 26ms/step

1/1 [==============================] - ETA: 0s
1/1 [==============================] - 0s 24ms/step

1/1 [==============================] - ETA: 0s
1/1 [==============================] - 0s 22ms/step

1/1 [==============================] - ETA: 0s
1/1 [==============================] - 0s 24ms/step

1/1 [==============================] - ETA: 0s
1/1 [==============================] - 0s 30ms/step

1/1 [==============================] - ETA: 0s
1/1 [==============================] - 0s 25ms/step

1/1 [==============================] - ETA: 0s
1/1 [==============================] - 0s 22ms/step

1/1 [==============================] - ETA: 0s
1/1 [==============================] - 0s 22ms/step

1/1 [==============================] - ETA: 0s
1/1 [==============================] - 0s 23ms/step

1/1 [==============================] - ETA: 0s
1/1 [==============================] - 0s 23ms/step

1/1 [==============================] - ETA: 0s
1/1 [==============================] - 0s 23ms/step

1/1 [==============================] - ETA: 0s
1/1 [==============================] - 0s 26ms/step

1/1 [==============================] - ETA: 0s
1/1 [==============================] - 0s 26ms/step

1/1 [==============================] - ETA: 0s
1/1 [==============================] - 0s 26ms/step

1/1 [==============================] - ETA: 0s
1/1 [==============================] - 0s 23ms/step

1/1 [==============================] - ETA: 0s
1/1 [==============================] - 0s 24ms/step

1/1 [==============================] - ETA: 0s
1/1 [==============================] - 0s 26ms/step

1/1 [==============================] - ETA: 0s
1/1 [==============================] - 0s 27ms/step

1/1 [==============================] - ETA: 0s
1/1 [==============================] - 0s 24ms/step

1/1 [==============================] - ETA: 0s
1/1 [==============================] - 0s 26ms/step

1/1 [==============================] - ETA: 0s
1/1 [==============================] - 0s 22ms/step

1/1 [==============================] - ETA: 0s
1/1 [==============================] - 0s 21ms/step

1/1 [==============================] - ETA: 0s
1/1 [==============================] - 0s 22ms/step

1/1 [==============================] - ETA: 0s
1/1 [==============================] - 0s 23ms/step

1/1 [==============================] - ETA: 0s
1/1 [==============================] - 0s 28ms/step

1/1 [==============================] - ETA: 0s
1/1 [==============================] - 0s 23ms/step

1/1 [==============================] - ETA: 0s
1/1 [==============================] - 0s 23ms/step

1/1 [==============================] - ETA: 0s
1/1 [==============================] - 0s 30ms/step

1/1 [==============================] - ETA: 0s
1/1 [==============================] - 0s 24ms/step

1/1 [==============================] - ETA: 0s
1/1 [==============================] - 0s 25ms/step

1/1 [==============================] - ETA: 0s
1/1 [==============================] - 0s 25ms/step

1/1 [==============================] - ETA: 0s
1/1 [==============================] - 0s 24ms/step

1/1 [==============================] - ETA: 0s
1/1 [==============================] - 0s 29ms/step

1/1 [==============================] - ETA: 0s
1/1 [==============================] - 0s 23ms/step

1/1 [==============================] - ETA: 0s
1/1 [==============================] - 0s 24ms/step

1/1 [==============================] - ETA: 0s
1/1 [==============================] - 0s 24ms/step

1/1 [==============================] - ETA: 0s
1/1 [==============================] - 0s 23ms/step

1/1 [==============================] - ETA: 0s
1/1 [==============================] - 0s 22ms/step

1/1 [==============================] - ETA: 0s
1/1 [==============================] - 0s 23ms/step

1/1 [==============================] - ETA: 0s
1/1 [==============================] - 0s 22ms/step

1/1 [==============================] - ETA: 0s
1/1 [==============================] - 0s 26ms/step

1/1 [==============================] - ETA: 0s
1/1 [==============================] - 0s 25ms/step

1/1 [==============================] - ETA: 0s
1/1 [==============================] - 0s 26ms/step

1/1 [==============================] - ETA: 0s
1/1 [==============================] - 0s 23ms/step

1/1 [==============================] - ETA: 0s
1/1 [==============================] - 0s 29ms/step

1/1 [==============================] - ETA: 0s
1/1 [==============================] - 0s 23ms/step
{'0': 10, '1': 13, '2': 32, '3': 44, '4': 46, '5': 59, '6': 65, '7': 67, '8': 68, '9': 69, '10': 70, '11': 73, '12': 76, '13': 77, '14': 78, '15': 80, '16': 81, '17': 83, '18': 85, '19': 86, '20': 97, '21': 98, '22': 99, '23': 100, '24': 101, '25': 102, '26': 103, '27': 104, '28': 105, '29': 106, '30': 108, '31': 109, '32': 110, '33': 111, '34': 112, '35': 113, '36': 114, '37': 115, '38': 116, '39': 117, '40': 118, '41': 120}
[12 33 36 24 31  2 28 34 37 39]
Comparing files ..\DATA\COMPRESSED\LOREM_WORKS8\biLSTM.reconstructed.txt and ..\DATA\FILES_TO_BE_COMPRESSED\LOREM_WORKS8.TXT
FC: no differences encountered

