Namespace(model_weights_file='..\\data\\trained_models\\ExpLoremIpsum5\\biLSTM.hdf5', model_name='biLSTM', batch_size=1000, sequence_npy_file='C:\\Users\\drago\\Desktop\\Licenta\\data\\processed_files\\ExpLoremIpsum5.npy', params_file='..\\data\\processed_files\\ExpLoremIpsum5.param.json', output_file_prefix='..\\data\\compressed\\ExpLoremIpsum5\\biLSTM.compressed', data='C:\\Users\\drago\\Desktop\\Licenta\\data\\processed_files\\ExpLoremIpsum5.npy', gpu='0', name='..\\data\\trained_models\\ExpLoremIpsum5\\biLSTM.hdf5', log_file='..\\data\\logs_data\\ExpLoremIpsum5\\biLSTM.log.csv')
C:\Users\drago\Desktop\Licenta\data\processed_files\ExpLoremIpsum5.npy
48
Namespace(model_weights_file='..\\data\\trained_models\\ExpLoremIpsum5\\biLSTM.hdf5', model_name='biLSTM', batch_size=1000, sequence_npy_file='C:\\Users\\drago\\Desktop\\Licenta\\data\\processed_files\\ExpLoremIpsum5.npy', params_file='..\\data\\processed_files\\ExpLoremIpsum5.param.json', output_file_prefix='..\\data\\compressed\\ExpLoremIpsum5\\biLSTM.compressed', data='C:\\Users\\drago\\Desktop\\Licenta\\data\\processed_files\\ExpLoremIpsum5.npy', gpu='0', name='..\\data\\trained_models\\ExpLoremIpsum5\\biLSTM.hdf5', log_file='..\\data\\logs_data\\ExpLoremIpsum5\\biLSTM.log.csv')
C:\Users\drago\Desktop\Licenta\data\processed_files\ExpLoremIpsum5.npy
48
Epoch 1/20

   1/1205 [..............................] - ETA: 2:36:03 - loss: 5.5858
   2/1205 [..............................] - ETA: 1:17 - loss: 5.5835   
   3/1205 [..............................] - ETA: 1:15 - loss: 5.5808
   4/1205 [..............................] - ETA: 1:17 - loss: 5.5777
   5/1205 [..............................] - ETA: 1:14 - loss: 5.5746
   6/1205 [..............................] - ETA: 1:13 - loss: 5.5713
   7/1205 [..............................] - ETA: 1:13 - loss: 5.5665
   8/1205 [..............................] - ETA: 1:12 - loss: 5.5617
   9/1205 [..............................] - ETA: 1:11 - loss: 5.5557
  11/1205 [..............................] - ETA: 1:08 - loss: 5.5431
  12/1205 [..............................] - ETA: 1:07 - loss: 5.5347
  14/1205 [..............................] - ETA: 1:06 - loss: 5.5094
  16/1205 [..............................] - ETA: 1:04 - loss: 5.4718
  18/1205 [..............................] - ETA: 1:03 - loss: 5.4204
  20/1205 [..............................] - ETA: 1:02 - loss: 5.3546
  22/1205 [..............................] - ETA: 59s - loss: 5.2903 
  24/1205 [..............................] - ETA: 57s - loss: 5.2441
  26/1205 [..............................] - ETA: 56s - loss: 5.1927
  28/1205 [..............................] - ETA: 54s - loss: 5.1378
  30/1205 [..............................] - ETA: 54s - loss: 5.0895
  31/1205 [..............................] - ETA: 54s - loss: 5.0633
  32/1205 [..............................] - ETA: 54s - loss: 5.0410
  33/1205 [..............................] - ETA: 54s - loss: 5.0221
  34/1205 [..............................] - ETA: 55s - loss: 5.0024
  36/1205 [..............................] - ETA: 54s - loss: 4.9658
  37/1205 [..............................] - ETA: 54s - loss: 4.9458
  39/1205 [..............................] - ETA: 54s - loss: 4.9107
  41/1205 [>.............................] - ETA: 54s - loss: 4.8812
  42/1205 [>.............................] - ETA: 54s - loss: 4.8638
  43/1205 [>.............................] - ETA: 54s - loss: 4.8500
  45/1205 [>.............................] - ETA: 53s - loss: 4.8257
  47/1205 [>.............................] - ETA: 53s - loss: 4.8074
  49/1205 [>.............................] - ETA: 52s - loss: 4.7884
  51/1205 [>.............................] - ETA: 51s - loss: 4.7639
  53/1205 [>.............................] - ETA: 50s - loss: 4.7417
  55/1205 [>.............................] - ETA: 50s - loss: 4.7228
  57/1205 [>.............................] - ETA: 50s - loss: 4.7050
  58/1205 [>.............................] - ETA: 50s - loss: 4.6969
  60/1205 [>.............................] - ETA: 50s - loss: 4.6765
  62/1205 [>.............................] - ETA: 50s - loss: 4.6625
  64/1205 [>.............................] - ETA: 50s - loss: 4.6498
  66/1205 [>.............................] - ETA: 50s - loss: 4.6395
  68/1205 [>.............................] - ETA: 49s - loss: 4.6273
  70/1205 [>.............................] - ETA: 49s - loss: 4.6162
  72/1205 [>.............................] - ETA: 48s - loss: 4.6054
  74/1205 [>.............................] - ETA: 48s - loss: 4.5938
  76/1205 [>.............................] - ETA: 47s - loss: 4.5812
  78/1205 [>.............................] - ETA: 47s - loss: 4.5739
  80/1205 [>.............................] - ETA: 47s - loss: 4.5653
  81/1205 [=>............................] - ETA: 47s - loss: 4.5593
  83/1205 [=>............................] - ETA: 47s - loss: 4.5492
  85/1205 [=>............................] - ETA: 46s - loss: 4.5433
  87/1205 [=>............................] - ETA: 46s - loss: 4.5356
  89/1205 [=>............................] - ETA: 46s - loss: 4.5280
  91/1205 [=>............................] - ETA: 46s - loss: 4.5246
  93/1205 [=>............................] - ETA: 46s - loss: 4.5176
  95/1205 [=>............................] - ETA: 46s - loss: 4.5098
  97/1205 [=>............................] - ETA: 46s - loss: 4.5019
  99/1205 [=>............................] - ETA: 46s - loss: 4.4950
 101/1205 [=>............................] - ETA: 46s - loss: 4.4910
 103/1205 [=>............................] - ETA: 45s - loss: 4.4851
 105/1205 [=>............................] - ETA: 45s - loss: 4.4805
 107/1205 [=>............................] - ETA: 45s - loss: 4.4750
 109/1205 [=>............................] - ETA: 45s - loss: 4.4707
 111/1205 [=>............................] - ETA: 45s - loss: 4.4672
 113/1205 [=>............................] - ETA: 44s - loss: 4.4619
 115/1205 [=>............................] - ETA: 44s - loss: 4.4567
 117/1205 [=>............................] - ETA: 44s - loss: 4.4511
 119/1205 [=>............................] - ETA: 43s - loss: 4.4465
 121/1205 [==>...........................] - ETA: 43s - loss: 4.4438
 123/1205 [==>...........................] - ETA: 43s - loss: 4.4415
 125/1205 [==>...........................] - ETA: 43s - loss: 4.4374
 127/1205 [==>...........................] - ETA: 42s - loss: 4.4340
 129/1205 [==>...........................] - ETA: 42s - loss: 4.4313
 131/1205 [==>...........................] - ETA: 42s - loss: 4.4283
 133/1205 [==>...........................] - ETA: 42s - loss: 4.4272
 135/1205 [==>...........................] - ETA: 42s - loss: 4.4247
 137/1205 [==>...........................] - ETA: 41s - loss: 4.4205
 139/1205 [==>...........................] - ETA: 41s - loss: 4.4170
 141/1205 [==>...........................] - ETA: 41s - loss: 4.4156
 143/1205 [==>...........................] - ETA: 41s - loss: 4.4141
 145/1205 [==>...........................] - ETA: 41s - loss: 4.4113
 147/1205 [==>...........................] - ETA: 41s - loss: 4.4085
 149/1205 [==>...........................] - ETA: 40s - loss: 4.4078
 151/1205 [==>...........................] - ETA: 40s - loss: 4.4047
 153/1205 [==>...........................] - ETA: 40s - loss: 4.4051
 155/1205 [==>...........................] - ETA: 40s - loss: 4.4025
 157/1205 [==>...........................] - ETA: 40s - loss: 4.4009
 159/1205 [==>...........................] - ETA: 40s - loss: 4.3969
 161/1205 [===>..........................] - ETA: 39s - loss: 4.3947
 163/1205 [===>..........................] - ETA: 39s - loss: 4.3926
 165/1205 [===>..........................] - ETA: 39s - loss: 4.3889
 167/1205 [===>..........................] - ETA: 39s - loss: 4.3871
 169/1205 [===>..........................] - ETA: 39s - loss: 4.3838
 171/1205 [===>..........................] - ETA: 38s - loss: 4.3821
 173/1205 [===>..........................] - ETA: 38s - loss: 4.3799
 175/1205 [===>..........................] - ETA: 38s - loss: 4.3768
 177/1205 [===>..........................] - ETA: 38s - loss: 4.3757
 179/1205 [===>..........................] - ETA: 38s - loss: 4.3734
 181/1205 [===>..........................] - ETA: 38s - loss: 4.3709
 183/1205 [===>..........................] - ETA: 37s - loss: 4.3683
 185/1205 [===>..........................] - ETA: 37s - loss: 4.3664
 187/1205 [===>..........................] - ETA: 37s - loss: 4.3645
 189/1205 [===>..........................] - ETA: 37s - loss: 4.3632
 191/1205 [===>..........................] - ETA: 37s - loss: 4.3621
 193/1205 [===>..........................] - ETA: 37s - loss: 4.3589
 195/1205 [===>..........................] - ETA: 37s - loss: 4.3573
 197/1205 [===>..........................] - ETA: 36s - loss: 4.3553
 199/1205 [===>..........................] - ETA: 36s - loss: 4.3533
 201/1205 [====>.........................] - ETA: 36s - loss: 4.3526
 203/1205 [====>.........................] - ETA: 36s - loss: 4.3509
 205/1205 [====>.........................] - ETA: 36s - loss: 4.3494
 207/1205 [====>.........................] - ETA: 36s - loss: 4.3465
 209/1205 [====>.........................] - ETA: 35s - loss: 4.3457
 211/1205 [====>.........................] - ETA: 35s - loss: 4.3449
 213/1205 [====>.........................] - ETA: 35s - loss: 4.3432
 215/1205 [====>.........................] - ETA: 35s - loss: 4.3424
 217/1205 [====>.........................] - ETA: 35s - loss: 4.3411
 219/1205 [====>.........................] - ETA: 35s - loss: 4.3385
 221/1205 [====>.........................] - ETA: 35s - loss: 4.3373
 223/1205 [====>.........................] - ETA: 35s - loss: 4.3355
 225/1205 [====>.........................] - ETA: 34s - loss: 4.3349
 227/1205 [====>.........................] - ETA: 34s - loss: 4.3355
 229/1205 [====>.........................] - ETA: 34s - loss: 4.3352
 231/1205 [====>.........................] - ETA: 34s - loss: 4.3334
 233/1205 [====>.........................] - ETA: 34s - loss: 4.3314
 235/1205 [====>.........................] - ETA: 34s - loss: 4.3309
 237/1205 [====>.........................] - ETA: 34s - loss: 4.3291
 239/1205 [====>.........................] - ETA: 34s - loss: 4.3277
 241/1205 [=====>........................] - ETA: 33s - loss: 4.3260
 243/1205 [=====>........................] - ETA: 33s - loss: 4.3245
 245/1205 [=====>........................] - ETA: 33s - loss: 4.3235
 247/1205 [=====>........................] - ETA: 33s - loss: 4.3227
 249/1205 [=====>........................] - ETA: 33s - loss: 4.3212
 251/1205 [=====>........................] - ETA: 33s - loss: 4.3204
 253/1205 [=====>........................] - ETA: 33s - loss: 4.3193
 255/1205 [=====>........................] - ETA: 33s - loss: 4.3185
 257/1205 [=====>........................] - ETA: 33s - loss: 4.3171
 259/1205 [=====>........................] - ETA: 32s - loss: 4.3175
 261/1205 [=====>........................] - ETA: 32s - loss: 4.3170
 263/1205 [=====>........................] - ETA: 32s - loss: 4.3162
 265/1205 [=====>........................] - ETA: 32s - loss: 4.3150
 267/1205 [=====>........................] - ETA: 32s - loss: 4.3138
 269/1205 [=====>........................] - ETA: 32s - loss: 4.3134
 271/1205 [=====>........................] - ETA: 32s - loss: 4.3131
 273/1205 [=====>........................] - ETA: 32s - loss: 4.3124
 275/1205 [=====>........................] - ETA: 32s - loss: 4.3119
 277/1205 [=====>........................] - ETA: 31s - loss: 4.3112
 279/1205 [=====>........................] - ETA: 31s - loss: 4.3114
 281/1205 [=====>........................] - ETA: 31s - loss: 4.3097
 283/1205 [======>.......................] - ETA: 31s - loss: 4.3090
 285/1205 [======>.......................] - ETA: 31s - loss: 4.3080
 287/1205 [======>.......................] - ETA: 31s - loss: 4.3072
 289/1205 [======>.......................] - ETA: 31s - loss: 4.3062
 291/1205 [======>.......................] - ETA: 31s - loss: 4.3050
 293/1205 [======>.......................] - ETA: 31s - loss: 4.3037
 295/1205 [======>.......................] - ETA: 31s - loss: 4.3031
 297/1205 [======>.......................] - ETA: 30s - loss: 4.3016
 299/1205 [======>.......................] - ETA: 30s - loss: 4.3006
 301/1205 [======>.......................] - ETA: 30s - loss: 4.2995
 303/1205 [======>.......................] - ETA: 30s - loss: 4.2985
 305/1205 [======>.......................] - ETA: 30s - loss: 4.2981
 307/1205 [======>.......................] - ETA: 30s - loss: 4.2975
 309/1205 [======>.......................] - ETA: 30s - loss: 4.2971
 311/1205 [======>.......................] - ETA: 30s - loss: 4.2962
 313/1205 [======>.......................] - ETA: 30s - loss: 4.2950
 315/1205 [======>.......................] - ETA: 30s - loss: 4.2950
 317/1205 [======>.......................] - ETA: 30s - loss: 4.2940
 319/1205 [======>.......................] - ETA: 29s - loss: 4.2929
 321/1205 [======>.......................] - ETA: 29s - loss: 4.2913
 323/1205 [=======>......................] - ETA: 29s - loss: 4.2913
 325/1205 [=======>......................] - ETA: 29s - loss: 4.2910
 327/1205 [=======>......................] - ETA: 29s - loss: 4.2892
 329/1205 [=======>......................] - ETA: 29s - loss: 4.2879
 331/1205 [=======>......................] - ETA: 29s - loss: 4.2864
 333/1205 [=======>......................] - ETA: 29s - loss: 4.2855
 335/1205 [=======>......................] - ETA: 29s - loss: 4.2847
 337/1205 [=======>......................] - ETA: 29s - loss: 4.2839
 339/1205 [=======>......................] - ETA: 29s - loss: 4.2823
 341/1205 [=======>......................] - ETA: 28s - loss: 4.2815
 343/1205 [=======>......................] - ETA: 28s - loss: 4.2795
 345/1205 [=======>......................] - ETA: 28s - loss: 4.2782
 347/1205 [=======>......................] - ETA: 28s - loss: 4.2771
 349/1205 [=======>......................] - ETA: 28s - loss: 4.2756
 351/1205 [=======>......................] - ETA: 28s - loss: 4.2747
 353/1205 [=======>......................] - ETA: 28s - loss: 4.2726
 355/1205 [=======>......................] - ETA: 28s - loss: 4.2710
 357/1205 [=======>......................] - ETA: 28s - loss: 4.2701
 359/1205 [=======>......................] - ETA: 28s - loss: 4.2691
 361/1205 [=======>......................] - ETA: 28s - loss: 4.2668
 363/1205 [========>.....................] - ETA: 27s - loss: 4.2652
 365/1205 [========>.....................] - ETA: 27s - loss: 4.2636
 367/1205 [========>.....................] - ETA: 27s - loss: 4.2626
 369/1205 [========>.....................] - ETA: 27s - loss: 4.2613
 371/1205 [========>.....................] - ETA: 27s - loss: 4.2602
 373/1205 [========>.....................] - ETA: 27s - loss: 4.2592
 375/1205 [========>.....................] - ETA: 27s - loss: 4.2574
 377/1205 [========>.....................] - ETA: 27s - loss: 4.2553
 379/1205 [========>.....................] - ETA: 27s - loss: 4.2541
 381/1205 [========>.....................] - ETA: 27s - loss: 4.2524
 383/1205 [========>.....................] - ETA: 27s - loss: 4.2515
 385/1205 [========>.....................] - ETA: 27s - loss: 4.2502
 387/1205 [========>.....................] - ETA: 26s - loss: 4.2489
 389/1205 [========>.....................] - ETA: 26s - loss: 4.2477
 391/1205 [========>.....................] - ETA: 26s - loss: 4.2466
 393/1205 [========>.....................] - ETA: 26s - loss: 4.2439
 395/1205 [========>.....................] - ETA: 26s - loss: 4.2418
 397/1205 [========>.....................] - ETA: 26s - loss: 4.2413
 399/1205 [========>.....................] - ETA: 26s - loss: 4.2403
 401/1205 [========>.....................] - ETA: 26s - loss: 4.2393
 403/1205 [=========>....................] - ETA: 26s - loss: 4.2382
 405/1205 [=========>....................] - ETA: 26s - loss: 4.2375
 407/1205 [=========>....................] - ETA: 26s - loss: 4.2366
 409/1205 [=========>....................] - ETA: 26s - loss: 4.2349
 411/1205 [=========>....................] - ETA: 26s - loss: 4.2330
 413/1205 [=========>....................] - ETA: 26s - loss: 4.2317
 415/1205 [=========>....................] - ETA: 26s - loss: 4.2304
 417/1205 [=========>....................] - ETA: 25s - loss: 4.2290
 419/1205 [=========>....................] - ETA: 25s - loss: 4.2267
 421/1205 [=========>....................] - ETA: 25s - loss: 4.2253
 423/1205 [=========>....................] - ETA: 25s - loss: 4.2241
 425/1205 [=========>....................] - ETA: 25s - loss: 4.2228
 427/1205 [=========>....................] - ETA: 25s - loss: 4.2215
 429/1205 [=========>....................] - ETA: 25s - loss: 4.2200
 431/1205 [=========>....................] - ETA: 25s - loss: 4.2186
 433/1205 [=========>....................] - ETA: 25s - loss: 4.2170
 435/1205 [=========>....................] - ETA: 25s - loss: 4.2160
 437/1205 [=========>....................] - ETA: 25s - loss: 4.2149
 439/1205 [=========>....................] - ETA: 25s - loss: 4.2132
 441/1205 [=========>....................] - ETA: 25s - loss: 4.2121
 443/1205 [==========>...................] - ETA: 25s - loss: 4.2109
 445/1205 [==========>...................] - ETA: 24s - loss: 4.2096
 447/1205 [==========>...................] - ETA: 24s - loss: 4.2080
 449/1205 [==========>...................] - ETA: 24s - loss: 4.2066
 451/1205 [==========>...................] - ETA: 24s - loss: 4.2049
 453/1205 [==========>...................] - ETA: 24s - loss: 4.2030
 455/1205 [==========>...................] - ETA: 24s - loss: 4.2014
 457/1205 [==========>...................] - ETA: 24s - loss: 4.1999
 459/1205 [==========>...................] - ETA: 24s - loss: 4.1984
 461/1205 [==========>...................] - ETA: 24s - loss: 4.1966
 463/1205 [==========>...................] - ETA: 24s - loss: 4.1954
 465/1205 [==========>...................] - ETA: 24s - loss: 4.1935
 467/1205 [==========>...................] - ETA: 24s - loss: 4.1919
 469/1205 [==========>...................] - ETA: 24s - loss: 4.1905
 471/1205 [==========>...................] - ETA: 24s - loss: 4.1887
 473/1205 [==========>...................] - ETA: 24s - loss: 4.1868
 475/1205 [==========>...................] - ETA: 23s - loss: 4.1855
 477/1205 [==========>...................] - ETA: 23s - loss: 4.1837
 479/1205 [==========>...................] - ETA: 23s - loss: 4.1824
 481/1205 [==========>...................] - ETA: 23s - loss: 4.1812
 483/1205 [===========>..................] - ETA: 23s - loss: 4.1796
 485/1205 [===========>..................] - ETA: 23s - loss: 4.1785
 487/1205 [===========>..................] - ETA: 23s - loss: 4.1771
 489/1205 [===========>..................] - ETA: 23s - loss: 4.1756
 491/1205 [===========>..................] - ETA: 23s - loss: 4.1738
 493/1205 [===========>..................] - ETA: 23s - loss: 4.1715
 495/1205 [===========>..................] - ETA: 23s - loss: 4.1691
 497/1205 [===========>..................] - ETA: 23s - loss: 4.1681
 499/1205 [===========>..................] - ETA: 23s - loss: 4.1664
 501/1205 [===========>..................] - ETA: 23s - loss: 4.1643
 503/1205 [===========>..................] - ETA: 23s - loss: 4.1627
 505/1205 [===========>..................] - ETA: 22s - loss: 4.1612
 507/1205 [===========>..................] - ETA: 22s - loss: 4.1592
 509/1205 [===========>..................] - ETA: 22s - loss: 4.1576
 511/1205 [===========>..................] - ETA: 22s - loss: 4.1559
 513/1205 [===========>..................] - ETA: 22s - loss: 4.1545
 515/1205 [===========>..................] - ETA: 22s - loss: 4.1531
 517/1205 [===========>..................] - ETA: 22s - loss: 4.1518
 519/1205 [===========>..................] - ETA: 22s - loss: 4.1506
 521/1205 [===========>..................] - ETA: 22s - loss: 4.1496
 523/1205 [============>.................] - ETA: 22s - loss: 4.1483
 525/1205 [============>.................] - ETA: 22s - loss: 4.1468
 527/1205 [============>.................] - ETA: 22s - loss: 4.1451
 529/1205 [============>.................] - ETA: 22s - loss: 4.1438
 531/1205 [============>.................] - ETA: 22s - loss: 4.1417
 533/1205 [============>.................] - ETA: 22s - loss: 4.1395
 535/1205 [============>.................] - ETA: 22s - loss: 4.1372
 537/1205 [============>.................] - ETA: 21s - loss: 4.1350
 539/1205 [============>.................] - ETA: 21s - loss: 4.1328
 541/1205 [============>.................] - ETA: 21s - loss: 4.1309
 543/1205 [============>.................] - ETA: 21s - loss: 4.1298
 545/1205 [============>.................] - ETA: 21s - loss: 4.1284
 547/1205 [============>.................] - ETA: 21s - loss: 4.1269
 549/1205 [============>.................] - ETA: 21s - loss: 4.1248
 551/1205 [============>.................] - ETA: 21s - loss: 4.1235
 553/1205 [============>.................] - ETA: 21s - loss: 4.1223
 555/1205 [============>.................] - ETA: 21s - loss: 4.1206
 557/1205 [============>.................] - ETA: 21s - loss: 4.1186
 559/1205 [============>.................] - ETA: 21s - loss: 4.1170
 561/1205 [============>.................] - ETA: 21s - loss: 4.1152
 563/1205 [=============>................] - ETA: 21s - loss: 4.1131
 565/1205 [=============>................] - ETA: 21s - loss: 4.1115
 567/1205 [=============>................] - ETA: 20s - loss: 4.1095
 569/1205 [=============>................] - ETA: 20s - loss: 4.1076
 571/1205 [=============>................] - ETA: 20s - loss: 4.1065
 573/1205 [=============>................] - ETA: 20s - loss: 4.1050
 575/1205 [=============>................] - ETA: 20s - loss: 4.1029
 577/1205 [=============>................] - ETA: 20s - loss: 4.1011
 579/1205 [=============>................] - ETA: 20s - loss: 4.0994
 581/1205 [=============>................] - ETA: 20s - loss: 4.0973
 583/1205 [=============>................] - ETA: 20s - loss: 4.0950
 585/1205 [=============>................] - ETA: 20s - loss: 4.0936
 587/1205 [=============>................] - ETA: 20s - loss: 4.0923
 589/1205 [=============>................] - ETA: 20s - loss: 4.0906
 591/1205 [=============>................] - ETA: 20s - loss: 4.0887
 593/1205 [=============>................] - ETA: 20s - loss: 4.0869
 595/1205 [=============>................] - ETA: 19s - loss: 4.0852
 597/1205 [=============>................] - ETA: 19s - loss: 4.0839
 599/1205 [=============>................] - ETA: 19s - loss: 4.0822
 601/1205 [=============>................] - ETA: 19s - loss: 4.0805
 604/1205 [==============>...............] - ETA: 19s - loss: 4.0770
 606/1205 [==============>...............] - ETA: 19s - loss: 4.0753
 608/1205 [==============>...............] - ETA: 19s - loss: 4.0734
 610/1205 [==============>...............] - ETA: 19s - loss: 4.0713
 612/1205 [==============>...............] - ETA: 19s - loss: 4.0692
 614/1205 [==============>...............] - ETA: 19s - loss: 4.0675
 616/1205 [==============>...............] - ETA: 19s - loss: 4.0655
 618/1205 [==============>...............] - ETA: 19s - loss: 4.0634
 620/1205 [==============>...............] - ETA: 19s - loss: 4.0618
 622/1205 [==============>...............] - ETA: 19s - loss: 4.0602
 624/1205 [==============>...............] - ETA: 18s - loss: 4.0587
 626/1205 [==============>...............] - ETA: 18s - loss: 4.0571
 628/1205 [==============>...............] - ETA: 18s - loss: 4.0545
 630/1205 [==============>...............] - ETA: 18s - loss: 4.0522
 632/1205 [==============>...............] - ETA: 18s - loss: 4.0503
 634/1205 [==============>...............] - ETA: 18s - loss: 4.0483
 636/1205 [==============>...............] - ETA: 18s - loss: 4.0462
 638/1205 [==============>...............] - ETA: 18s - loss: 4.0450
 640/1205 [==============>...............] - ETA: 18s - loss: 4.0435
 642/1205 [==============>...............] - ETA: 18s - loss: 4.0421
 644/1205 [===============>..............] - ETA: 18s - loss: 4.0401
 646/1205 [===============>..............] - ETA: 18s - loss: 4.0382
 648/1205 [===============>..............] - ETA: 18s - loss: 4.0366
 650/1205 [===============>..............] - ETA: 18s - loss: 4.0343
 652/1205 [===============>..............] - ETA: 18s - loss: 4.0330
 654/1205 [===============>..............] - ETA: 17s - loss: 4.0314
 656/1205 [===============>..............] - ETA: 17s - loss: 4.0294
 658/1205 [===============>..............] - ETA: 17s - loss: 4.0278
 660/1205 [===============>..............] - ETA: 17s - loss: 4.0259
 662/1205 [===============>..............] - ETA: 17s - loss: 4.0241
 664/1205 [===============>..............] - ETA: 17s - loss: 4.0230
 666/1205 [===============>..............] - ETA: 17s - loss: 4.0213
 668/1205 [===============>..............] - ETA: 17s - loss: 4.0191
 670/1205 [===============>..............] - ETA: 17s - loss: 4.0173
 672/1205 [===============>..............] - ETA: 17s - loss: 4.0157
 674/1205 [===============>..............] - ETA: 17s - loss: 4.0135
 676/1205 [===============>..............] - ETA: 17s - loss: 4.0114
 678/1205 [===============>..............] - ETA: 17s - loss: 4.0096
 680/1205 [===============>..............] - ETA: 17s - loss: 4.0075
 682/1205 [===============>..............] - ETA: 17s - loss: 4.0056
 684/1205 [================>.............] - ETA: 16s - loss: 4.0048
 686/1205 [================>.............] - ETA: 16s - loss: 4.0033
 688/1205 [================>.............] - ETA: 16s - loss: 4.0017
 690/1205 [================>.............] - ETA: 16s - loss: 3.9998
 692/1205 [================>.............] - ETA: 16s - loss: 3.9979
 694/1205 [================>.............] - ETA: 16s - loss: 3.9963
 696/1205 [================>.............] - ETA: 16s - loss: 3.9940
 698/1205 [================>.............] - ETA: 16s - loss: 3.9926
 700/1205 [================>.............] - ETA: 16s - loss: 3.9906
 702/1205 [================>.............] - ETA: 16s - loss: 3.9889
 704/1205 [================>.............] - ETA: 16s - loss: 3.9878
 706/1205 [================>.............] - ETA: 16s - loss: 3.9858
 708/1205 [================>.............] - ETA: 16s - loss: 3.9840
 710/1205 [================>.............] - ETA: 16s - loss: 3.9824
 712/1205 [================>.............] - ETA: 16s - loss: 3.9810
 714/1205 [================>.............] - ETA: 15s - loss: 3.9792
 716/1205 [================>.............] - ETA: 15s - loss: 3.9775
 718/1205 [================>.............] - ETA: 15s - loss: 3.9760
 720/1205 [================>.............] - ETA: 15s - loss: 3.9749
 722/1205 [================>.............] - ETA: 15s - loss: 3.9734
 724/1205 [=================>............] - ETA: 15s - loss: 3.9718
 726/1205 [=================>............] - ETA: 15s - loss: 3.9702
 728/1205 [=================>............] - ETA: 15s - loss: 3.9685
 730/1205 [=================>............] - ETA: 15s - loss: 3.9668
 732/1205 [=================>............] - ETA: 15s - loss: 3.9649
 734/1205 [=================>............] - ETA: 15s - loss: 3.9634
 736/1205 [=================>............] - ETA: 15s - loss: 3.9618
 738/1205 [=================>............] - ETA: 15s - loss: 3.9602
 740/1205 [=================>............] - ETA: 15s - loss: 3.9586
 742/1205 [=================>............] - ETA: 15s - loss: 3.9569
 744/1205 [=================>............] - ETA: 14s - loss: 3.9552
 746/1205 [=================>............] - ETA: 14s - loss: 3.9536
 748/1205 [=================>............] - ETA: 14s - loss: 3.9525
 750/1205 [=================>............] - ETA: 14s - loss: 3.9509
 752/1205 [=================>............] - ETA: 14s - loss: 3.9496
 754/1205 [=================>............] - ETA: 14s - loss: 3.9483
 756/1205 [=================>............] - ETA: 14s - loss: 3.9464
 758/1205 [=================>............] - ETA: 14s - loss: 3.9454
 760/1205 [=================>............] - ETA: 14s - loss: 3.9441
 762/1205 [=================>............] - ETA: 14s - loss: 3.9423
 764/1205 [==================>...........] - ETA: 14s - loss: 3.9407
 766/1205 [==================>...........] - ETA: 14s - loss: 3.9391
 768/1205 [==================>...........] - ETA: 14s - loss: 3.9378
 770/1205 [==================>...........] - ETA: 14s - loss: 3.9363
 772/1205 [==================>...........] - ETA: 14s - loss: 3.9345
 774/1205 [==================>...........] - ETA: 13s - loss: 3.9327
 776/1205 [==================>...........] - ETA: 13s - loss: 3.9312
 778/1205 [==================>...........] - ETA: 13s - loss: 3.9300
 780/1205 [==================>...........] - ETA: 13s - loss: 3.9288
 782/1205 [==================>...........] - ETA: 13s - loss: 3.9268
 784/1205 [==================>...........] - ETA: 13s - loss: 3.9254
 786/1205 [==================>...........] - ETA: 13s - loss: 3.9237
 788/1205 [==================>...........] - ETA: 13s - loss: 3.9216
 790/1205 [==================>...........] - ETA: 13s - loss: 3.9200
 792/1205 [==================>...........] - ETA: 13s - loss: 3.9185
 794/1205 [==================>...........] - ETA: 13s - loss: 3.9167
 796/1205 [==================>...........] - ETA: 13s - loss: 3.9151
 798/1205 [==================>...........] - ETA: 13s - loss: 3.9136
 800/1205 [==================>...........] - ETA: 13s - loss: 3.9118
 802/1205 [==================>...........] - ETA: 13s - loss: 3.9099
 804/1205 [===================>..........] - ETA: 12s - loss: 3.9086
 806/1205 [===================>..........] - ETA: 12s - loss: 3.9070
 808/1205 [===================>..........] - ETA: 12s - loss: 3.9057
 810/1205 [===================>..........] - ETA: 12s - loss: 3.9041
 812/1205 [===================>..........] - ETA: 12s - loss: 3.9028
 814/1205 [===================>..........] - ETA: 12s - loss: 3.9014
 816/1205 [===================>..........] - ETA: 12s - loss: 3.9005
 818/1205 [===================>..........] - ETA: 12s - loss: 3.8988
 820/1205 [===================>..........] - ETA: 12s - loss: 3.8973
 822/1205 [===================>..........] - ETA: 12s - loss: 3.8956
 824/1205 [===================>..........] - ETA: 12s - loss: 3.8942
 826/1205 [===================>..........] - ETA: 12s - loss: 3.8933
 828/1205 [===================>..........] - ETA: 12s - loss: 3.8918
 830/1205 [===================>..........] - ETA: 12s - loss: 3.8903
 832/1205 [===================>..........] - ETA: 12s - loss: 3.8888
 834/1205 [===================>..........] - ETA: 11s - loss: 3.8872
 836/1205 [===================>..........] - ETA: 11s - loss: 3.8861
 838/1205 [===================>..........] - ETA: 11s - loss: 3.8849
 840/1205 [===================>..........] - ETA: 11s - loss: 3.8834
 842/1205 [===================>..........] - ETA: 11s - loss: 3.8817
 844/1205 [====================>.........] - ETA: 11s - loss: 3.8800
 846/1205 [====================>.........] - ETA: 11s - loss: 3.8786
 848/1205 [====================>.........] - ETA: 11s - loss: 3.8769
 850/1205 [====================>.........] - ETA: 11s - loss: 3.8754
 852/1205 [====================>.........] - ETA: 11s - loss: 3.8736
 854/1205 [====================>.........] - ETA: 11s - loss: 3.8718
 856/1205 [====================>.........] - ETA: 11s - loss: 3.8703
 858/1205 [====================>.........] - ETA: 11s - loss: 3.8689
 860/1205 [====================>.........] - ETA: 11s - loss: 3.8672
 862/1205 [====================>.........] - ETA: 11s - loss: 3.8660
 864/1205 [====================>.........] - ETA: 10s - loss: 3.8644
 866/1205 [====================>.........] - ETA: 10s - loss: 3.8630
 868/1205 [====================>.........] - ETA: 10s - loss: 3.8621
 870/1205 [====================>.........] - ETA: 10s - loss: 3.8608
 872/1205 [====================>.........] - ETA: 10s - loss: 3.8594
 874/1205 [====================>.........] - ETA: 10s - loss: 3.8578
 876/1205 [====================>.........] - ETA: 10s - loss: 3.8568
 878/1205 [====================>.........] - ETA: 10s - loss: 3.8554
 880/1205 [====================>.........] - ETA: 10s - loss: 3.8539
 882/1205 [====================>.........] - ETA: 10s - loss: 3.8525
 884/1205 [=====================>........] - ETA: 10s - loss: 3.8507
 886/1205 [=====================>........] - ETA: 10s - loss: 3.8493
 888/1205 [=====================>........] - ETA: 10s - loss: 3.8481
 890/1205 [=====================>........] - ETA: 10s - loss: 3.8469
 892/1205 [=====================>........] - ETA: 10s - loss: 3.8457
 894/1205 [=====================>........] - ETA: 10s - loss: 3.8439
 896/1205 [=====================>........] - ETA: 9s - loss: 3.8424 
 898/1205 [=====================>........] - ETA: 9s - loss: 3.8412
 900/1205 [=====================>........] - ETA: 9s - loss: 3.8400
 902/1205 [=====================>........] - ETA: 9s - loss: 3.8382
 904/1205 [=====================>........] - ETA: 9s - loss: 3.8371
 906/1205 [=====================>........] - ETA: 9s - loss: 3.8353
 908/1205 [=====================>........] - ETA: 9s - loss: 3.8342
 910/1205 [=====================>........] - ETA: 9s - loss: 3.8326
 912/1205 [=====================>........] - ETA: 9s - loss: 3.8318
 914/1205 [=====================>........] - ETA: 9s - loss: 3.8308
 916/1205 [=====================>........] - ETA: 9s - loss: 3.8295
 918/1205 [=====================>........] - ETA: 9s - loss: 3.8282
 920/1205 [=====================>........] - ETA: 9s - loss: 3.8265
 922/1205 [=====================>........] - ETA: 9s - loss: 3.8251
 924/1205 [======================>.......] - ETA: 9s - loss: 3.8235
 926/1205 [======================>.......] - ETA: 8s - loss: 3.8224
 928/1205 [======================>.......] - ETA: 8s - loss: 3.8212
 930/1205 [======================>.......] - ETA: 8s - loss: 3.8202
 932/1205 [======================>.......] - ETA: 8s - loss: 3.8187
 934/1205 [======================>.......] - ETA: 8s - loss: 3.8174
 936/1205 [======================>.......] - ETA: 8s - loss: 3.8163
 938/1205 [======================>.......] - ETA: 8s - loss: 3.8153
 940/1205 [======================>.......] - ETA: 8s - loss: 3.8137
 942/1205 [======================>.......] - ETA: 8s - loss: 3.8121
 944/1205 [======================>.......] - ETA: 8s - loss: 3.8105
 946/1205 [======================>.......] - ETA: 8s - loss: 3.8095
 948/1205 [======================>.......] - ETA: 8s - loss: 3.8082
 950/1205 [======================>.......] - ETA: 8s - loss: 3.8067
 952/1205 [======================>.......] - ETA: 8s - loss: 3.8056
 954/1205 [======================>.......] - ETA: 8s - loss: 3.8041
 956/1205 [======================>.......] - ETA: 8s - loss: 3.8026
 958/1205 [======================>.......] - ETA: 7s - loss: 3.8010
 960/1205 [======================>.......] - ETA: 7s - loss: 3.7997
 962/1205 [======================>.......] - ETA: 7s - loss: 3.7986
 964/1205 [=======================>......] - ETA: 7s - loss: 3.7969
 966/1205 [=======================>......] - ETA: 7s - loss: 3.7955
 968/1205 [=======================>......] - ETA: 7s - loss: 3.7945
 970/1205 [=======================>......] - ETA: 7s - loss: 3.7936
 972/1205 [=======================>......] - ETA: 7s - loss: 3.7924
 974/1205 [=======================>......] - ETA: 7s - loss: 3.7912
 976/1205 [=======================>......] - ETA: 7s - loss: 3.7900
 978/1205 [=======================>......] - ETA: 7s - loss: 3.7885
 980/1205 [=======================>......] - ETA: 7s - loss: 3.7872
 982/1205 [=======================>......] - ETA: 7s - loss: 3.7859
 984/1205 [=======================>......] - ETA: 7s - loss: 3.7850
 986/1205 [=======================>......] - ETA: 7s - loss: 3.7839
 988/1205 [=======================>......] - ETA: 6s - loss: 3.7825
 990/1205 [=======================>......] - ETA: 6s - loss: 3.7809
 992/1205 [=======================>......] - ETA: 6s - loss: 3.7798
 994/1205 [=======================>......] - ETA: 6s - loss: 3.7787
 996/1205 [=======================>......] - ETA: 6s - loss: 3.7773
 998/1205 [=======================>......] - ETA: 6s - loss: 3.7760
1000/1205 [=======================>......] - ETA: 6s - loss: 3.7746
1002/1205 [=======================>......] - ETA: 6s - loss: 3.7736
1004/1205 [=======================>......] - ETA: 6s - loss: 3.7724
1006/1205 [========================>.....] - ETA: 6s - loss: 3.7710
1008/1205 [========================>.....] - ETA: 6s - loss: 3.7695
1010/1205 [========================>.....] - ETA: 6s - loss: 3.7685
1012/1205 [========================>.....] - ETA: 6s - loss: 3.7674
1014/1205 [========================>.....] - ETA: 6s - loss: 3.7661
1016/1205 [========================>.....] - ETA: 6s - loss: 3.7650
1018/1205 [========================>.....] - ETA: 5s - loss: 3.7637
1020/1205 [========================>.....] - ETA: 5s - loss: 3.7622
1022/1205 [========================>.....] - ETA: 5s - loss: 3.7611
1024/1205 [========================>.....] - ETA: 5s - loss: 3.7598
1026/1205 [========================>.....] - ETA: 5s - loss: 3.7590
1028/1205 [========================>.....] - ETA: 5s - loss: 3.7576
1030/1205 [========================>.....] - ETA: 5s - loss: 3.7563
1032/1205 [========================>.....] - ETA: 5s - loss: 3.7547
1034/1205 [========================>.....] - ETA: 5s - loss: 3.7537
1036/1205 [========================>.....] - ETA: 5s - loss: 3.7526
1038/1205 [========================>.....] - ETA: 5s - loss: 3.7515
1040/1205 [========================>.....] - ETA: 5s - loss: 3.7500
1042/1205 [========================>.....] - ETA: 5s - loss: 3.7490
1044/1205 [========================>.....] - ETA: 5s - loss: 3.7476
1046/1205 [=========================>....] - ETA: 5s - loss: 3.7461
1048/1205 [=========================>....] - ETA: 5s - loss: 3.7445
1050/1205 [=========================>....] - ETA: 4s - loss: 3.7434
1052/1205 [=========================>....] - ETA: 4s - loss: 3.7424
1054/1205 [=========================>....] - ETA: 4s - loss: 3.7412
1056/1205 [=========================>....] - ETA: 4s - loss: 3.7397
1058/1205 [=========================>....] - ETA: 4s - loss: 3.7382
1060/1205 [=========================>....] - ETA: 4s - loss: 3.7368
1062/1205 [=========================>....] - ETA: 4s - loss: 3.7353
1064/1205 [=========================>....] - ETA: 4s - loss: 3.7342
1066/1205 [=========================>....] - ETA: 4s - loss: 3.7333
1068/1205 [=========================>....] - ETA: 4s - loss: 3.7322
1070/1205 [=========================>....] - ETA: 4s - loss: 3.7309
1072/1205 [=========================>....] - ETA: 4s - loss: 3.7293
1074/1205 [=========================>....] - ETA: 4s - loss: 3.7279
1076/1205 [=========================>....] - ETA: 4s - loss: 3.7270
1078/1205 [=========================>....] - ETA: 4s - loss: 3.7258
1080/1205 [=========================>....] - ETA: 3s - loss: 3.7245
1082/1205 [=========================>....] - ETA: 3s - loss: 3.7232
1084/1205 [=========================>....] - ETA: 3s - loss: 3.7223
1086/1205 [==========================>...] - ETA: 3s - loss: 3.7214
1088/1205 [==========================>...] - ETA: 3s - loss: 3.7201
1090/1205 [==========================>...] - ETA: 3s - loss: 3.7191
1092/1205 [==========================>...] - ETA: 3s - loss: 3.7177
1094/1205 [==========================>...] - ETA: 3s - loss: 3.7162
1096/1205 [==========================>...] - ETA: 3s - loss: 3.7148
1098/1205 [==========================>...] - ETA: 3s - loss: 3.7137
1100/1205 [==========================>...] - ETA: 3s - loss: 3.7125
1102/1205 [==========================>...] - ETA: 3s - loss: 3.7111
1104/1205 [==========================>...] - ETA: 3s - loss: 3.7101
1106/1205 [==========================>...] - ETA: 3s - loss: 3.7090
1108/1205 [==========================>...] - ETA: 3s - loss: 3.7077
1110/1205 [==========================>...] - ETA: 3s - loss: 3.7063
1112/1205 [==========================>...] - ETA: 2s - loss: 3.7051
1114/1205 [==========================>...] - ETA: 2s - loss: 3.7041
1116/1205 [==========================>...] - ETA: 2s - loss: 3.7031
1118/1205 [==========================>...] - ETA: 2s - loss: 3.7019
1120/1205 [==========================>...] - ETA: 2s - loss: 3.7007
1122/1205 [==========================>...] - ETA: 2s - loss: 3.6996
1124/1205 [==========================>...] - ETA: 2s - loss: 3.6986
1126/1205 [===========================>..] - ETA: 2s - loss: 3.6972
1128/1205 [===========================>..] - ETA: 2s - loss: 3.6963
1130/1205 [===========================>..] - ETA: 2s - loss: 3.6951
1132/1205 [===========================>..] - ETA: 2s - loss: 3.6936
1134/1205 [===========================>..] - ETA: 2s - loss: 3.6928
1136/1205 [===========================>..] - ETA: 2s - loss: 3.6915
1138/1205 [===========================>..] - ETA: 2s - loss: 3.6903
1140/1205 [===========================>..] - ETA: 2s - loss: 3.6894
1142/1205 [===========================>..] - ETA: 2s - loss: 3.6884
1144/1205 [===========================>..] - ETA: 1s - loss: 3.6870
1146/1205 [===========================>..] - ETA: 1s - loss: 3.6857
1148/1205 [===========================>..] - ETA: 1s - loss: 3.6847
1150/1205 [===========================>..] - ETA: 1s - loss: 3.6834
1152/1205 [===========================>..] - ETA: 1s - loss: 3.6823
1154/1205 [===========================>..] - ETA: 1s - loss: 3.6812
1156/1205 [===========================>..] - ETA: 1s - loss: 3.6799
1158/1205 [===========================>..] - ETA: 1s - loss: 3.6787
1160/1205 [===========================>..] - ETA: 1s - loss: 3.6775
1162/1205 [===========================>..] - ETA: 1s - loss: 3.6762
1164/1205 [===========================>..] - ETA: 1s - loss: 3.6750
1166/1205 [============================>.] - ETA: 1s - loss: 3.6737
1168/1205 [============================>.] - ETA: 1s - loss: 3.6728
1170/1205 [============================>.] - ETA: 1s - loss: 3.6717
1172/1205 [============================>.] - ETA: 1s - loss: 3.6709
1174/1205 [============================>.] - ETA: 0s - loss: 3.6697
1176/1205 [============================>.] - ETA: 0s - loss: 3.6684
1178/1205 [============================>.] - ETA: 0s - loss: 3.6671
1180/1205 [============================>.] - ETA: 0s - loss: 3.6659
1182/1205 [============================>.] - ETA: 0s - loss: 3.6650
1184/1205 [============================>.] - ETA: 0s - loss: 3.6641
1186/1205 [============================>.] - ETA: 0s - loss: 3.6632
1188/1205 [============================>.] - ETA: 0s - loss: 3.6620
1190/1205 [============================>.] - ETA: 0s - loss: 3.6611
1192/1205 [============================>.] - ETA: 0s - loss: 3.6599
1194/1205 [============================>.] - ETA: 0s - loss: 3.6585
1196/1205 [============================>.] - ETA: 0s - loss: 3.6575
1198/1205 [============================>.] - ETA: 0s - loss: 3.6564
1200/1205 [============================>.] - ETA: 0s - loss: 3.6554
1202/1205 [============================>.] - ETA: 0s - loss: 3.6542
1204/1205 [============================>.] - ETA: 0s - loss: 3.6530
Epoch 1: loss improved from inf to 3.65246, saving model to ..\data\trained_models\ExpLoremIpsum5\biLSTM.hdf5
Namespace(model_weights_file='..\\data\\trained_models\\ExpLoremIpsum5\\biLSTM.hdf5', model_name='biLSTM', batch_size=1000, sequence_npy_file='C:\\Users\\drago\\Desktop\\Licenta\\data\\processed_files\\ExpLoremIpsum5.npy', params_file='..\\data\\processed_files\\ExpLoremIpsum5.param.json', output_file_prefix='..\\data\\compressed\\ExpLoremIpsum5\\biLSTM.compressed', data='C:\\Users\\drago\\Desktop\\Licenta\\data\\processed_files\\ExpLoremIpsum5.npy', gpu='0', name='..\\data\\trained_models\\ExpLoremIpsum5\\biLSTM.hdf5', log_file='..\\data\\logs_data\\ExpLoremIpsum5\\biLSTM.log.csv')
C:\Users\drago\Desktop\Licenta\data\processed_files\ExpLoremIpsum5.npy
48
Epoch 1/20

   1/1205 [..............................] - ETA: 2:06:07 - loss: 5.5848
   3/1205 [..............................] - ETA: 49s - loss: 5.5795    
   5/1205 [..............................] - ETA: 49s - loss: 5.5727
   7/1205 [..............................] - ETA: 47s - loss: 5.5634
   9/1205 [..............................] - ETA: 45s - loss: 5.5509
  11/1205 [..............................] - ETA: 43s - loss: 5.5365
  13/1205 [..............................] - ETA: 42s - loss: 5.5135
  15/1205 [..............................] - ETA: 41s - loss: 5.4755
  17/1205 [..............................] - ETA: 40s - loss: 5.4261
  19/1205 [..............................] - ETA: 39s - loss: 5.3530
  21/1205 [..............................] - ETA: 39s - loss: 5.2878
  23/1205 [..............................] - ETA: 39s - loss: 5.2287
  25/1205 [..............................] - ETA: 39s - loss: 5.1860
  27/1205 [..............................] - ETA: 38s - loss: 5.1317
  29/1205 [..............................] - ETA: 38s - loss: 5.0891
  31/1205 [..............................] - ETA: 38s - loss: 5.0390
  33/1205 [..............................] - ETA: 37s - loss: 5.0005
  35/1205 [..............................] - ETA: 37s - loss: 4.9612
  37/1205 [..............................] - ETA: 37s - loss: 4.9280
  39/1205 [..............................] - ETA: 37s - loss: 4.8927
  41/1205 [>.............................] - ETA: 37s - loss: 4.8635
  43/1205 [>.............................] - ETA: 37s - loss: 4.8326
  45/1205 [>.............................] - ETA: 36s - loss: 4.8078
  47/1205 [>.............................] - ETA: 36s - loss: 4.7876
  49/1205 [>.............................] - ETA: 37s - loss: 4.7697
  51/1205 [>.............................] - ETA: 36s - loss: 4.7465
  53/1205 [>.............................] - ETA: 36s - loss: 4.7253
  55/1205 [>.............................] - ETA: 36s - loss: 4.7059
  58/1205 [>.............................] - ETA: 36s - loss: 4.6796
  60/1205 [>.............................] - ETA: 35s - loss: 4.6602
  62/1205 [>.............................] - ETA: 35s - loss: 4.6467
  64/1205 [>.............................] - ETA: 35s - loss: 4.6341
  66/1205 [>.............................] - ETA: 35s - loss: 4.6241
  68/1205 [>.............................] - ETA: 35s - loss: 4.6123
  70/1205 [>.............................] - ETA: 35s - loss: 4.6020
  72/1205 [>.............................] - ETA: 35s - loss: 4.5916
  74/1205 [>.............................] - ETA: 35s - loss: 4.5803
  76/1205 [>.............................] - ETA: 35s - loss: 4.5680
  78/1205 [>.............................] - ETA: 35s - loss: 4.5611
  80/1205 [>.............................] - ETA: 35s - loss: 4.5529
  82/1205 [=>............................] - ETA: 35s - loss: 4.5410
  84/1205 [=>............................] - ETA: 34s - loss: 4.5341
  86/1205 [=>............................] - ETA: 34s - loss: 4.5286
  88/1205 [=>............................] - ETA: 34s - loss: 4.5209
  90/1205 [=>............................] - ETA: 34s - loss: 4.5133
  92/1205 [=>............................] - ETA: 34s - loss: 4.5084
  94/1205 [=>............................] - ETA: 34s - loss: 4.5001
  96/1205 [=>............................] - ETA: 34s - loss: 4.4943
  98/1205 [=>............................] - ETA: 34s - loss: 4.4863
 100/1205 [=>............................] - ETA: 34s - loss: 4.4816
 102/1205 [=>............................] - ETA: 34s - loss: 4.4750
 104/1205 [=>............................] - ETA: 34s - loss: 4.4694
 106/1205 [=>............................] - ETA: 34s - loss: 4.4667
 108/1205 [=>............................] - ETA: 34s - loss: 4.4616
 110/1205 [=>............................] - ETA: 34s - loss: 4.4558
 112/1205 [=>............................] - ETA: 34s - loss: 4.4539
 114/1205 [=>............................] - ETA: 34s - loss: 4.4482
 116/1205 [=>............................] - ETA: 34s - loss: 4.4421
 118/1205 [=>............................] - ETA: 34s - loss: 4.4382
 120/1205 [=>............................] - ETA: 34s - loss: 4.4355
 123/1205 [==>...........................] - ETA: 33s - loss: 4.4311
 125/1205 [==>...........................] - ETA: 33s - loss: 4.4271
 127/1205 [==>...........................] - ETA: 33s - loss: 4.4236
 129/1205 [==>...........................] - ETA: 33s - loss: 4.4210
 131/1205 [==>...........................] - ETA: 33s - loss: 4.4182
 133/1205 [==>...........................] - ETA: 33s - loss: 4.4173
 135/1205 [==>...........................] - ETA: 33s - loss: 4.4148
 137/1205 [==>...........................] - ETA: 33s - loss: 4.4107
 139/1205 [==>...........................] - ETA: 32s - loss: 4.4072
 141/1205 [==>...........................] - ETA: 32s - loss: 4.4060
 143/1205 [==>...........................] - ETA: 32s - loss: 4.4043
 145/1205 [==>...........................] - ETA: 32s - loss: 4.4016
 147/1205 [==>...........................] - ETA: 32s - loss: 4.3989
 149/1205 [==>...........................] - ETA: 32s - loss: 4.3983
 151/1205 [==>...........................] - ETA: 32s - loss: 4.3952
 153/1205 [==>...........................] - ETA: 32s - loss: 4.3957
 155/1205 [==>...........................] - ETA: 32s - loss: 4.3935
 157/1205 [==>...........................] - ETA: 32s - loss: 4.3920
 159/1205 [==>...........................] - ETA: 32s - loss: 4.3879
 161/1205 [===>..........................] - ETA: 32s - loss: 4.3857
 163/1205 [===>..........................] - ETA: 32s - loss: 4.3837
 165/1205 [===>..........................] - ETA: 32s - loss: 4.3799
 167/1205 [===>..........................] - ETA: 32s - loss: 4.3781
 169/1205 [===>..........................] - ETA: 32s - loss: 4.3750
 171/1205 [===>..........................] - ETA: 32s - loss: 4.3733
 173/1205 [===>..........................] - ETA: 32s - loss: 4.3712
 175/1205 [===>..........................] - ETA: 31s - loss: 4.3681
 177/1205 [===>..........................] - ETA: 31s - loss: 4.3671
 179/1205 [===>..........................] - ETA: 31s - loss: 4.3647
 181/1205 [===>..........................] - ETA: 31s - loss: 4.3622
 183/1205 [===>..........................] - ETA: 31s - loss: 4.3595
 185/1205 [===>..........................] - ETA: 31s - loss: 4.3576
 187/1205 [===>..........................] - ETA: 31s - loss: 4.3558
 189/1205 [===>..........................] - ETA: 31s - loss: 4.3545
 191/1205 [===>..........................] - ETA: 31s - loss: 4.3534
 193/1205 [===>..........................] - ETA: 31s - loss: 4.3501
 195/1205 [===>..........................] - ETA: 31s - loss: 4.3486
 197/1205 [===>..........................] - ETA: 31s - loss: 4.3465
 199/1205 [===>..........................] - ETA: 31s - loss: 4.3445
 201/1205 [====>.........................] - ETA: 31s - loss: 4.3438
 203/1205 [====>.........................] - ETA: 31s - loss: 4.3420
 205/1205 [====>.........................] - ETA: 31s - loss: 4.3404
 207/1205 [====>.........................] - ETA: 31s - loss: 4.3375
 209/1205 [====>.........................] - ETA: 30s - loss: 4.3366
 211/1205 [====>.........................] - ETA: 30s - loss: 4.3357
 213/1205 [====>.........................] - ETA: 30s - loss: 4.3340
 215/1205 [====>.........................] - ETA: 30s - loss: 4.3332
 217/1205 [====>.........................] - ETA: 30s - loss: 4.3318
 219/1205 [====>.........................] - ETA: 30s - loss: 4.3291
 221/1205 [====>.........................] - ETA: 30s - loss: 4.3277
 223/1205 [====>.........................] - ETA: 30s - loss: 4.3257
 225/1205 [====>.........................] - ETA: 30s - loss: 4.3251
 227/1205 [====>.........................] - ETA: 30s - loss: 4.3255
 229/1205 [====>.........................] - ETA: 30s - loss: 4.3250
 231/1205 [====>.........................] - ETA: 30s - loss: 4.3230
 233/1205 [====>.........................] - ETA: 30s - loss: 4.3207
 235/1205 [====>.........................] - ETA: 30s - loss: 4.3200
 237/1205 [====>.........................] - ETA: 30s - loss: 4.3178
 239/1205 [====>.........................] - ETA: 30s - loss: 4.3161
 241/1205 [=====>........................] - ETA: 30s - loss: 4.3140
 243/1205 [=====>........................] - ETA: 29s - loss: 4.3121
 245/1205 [=====>........................] - ETA: 29s - loss: 4.3108
 247/1205 [=====>........................] - ETA: 29s - loss: 4.3097
 249/1205 [=====>........................] - ETA: 29s - loss: 4.3075
 251/1205 [=====>........................] - ETA: 29s - loss: 4.3061
 253/1205 [=====>........................] - ETA: 29s - loss: 4.3045
 255/1205 [=====>........................] - ETA: 29s - loss: 4.3029
 257/1205 [=====>........................] - ETA: 29s - loss: 4.3009
 259/1205 [=====>........................] - ETA: 29s - loss: 4.3005
 261/1205 [=====>........................] - ETA: 29s - loss: 4.2994
 263/1205 [=====>........................] - ETA: 29s - loss: 4.2975
 265/1205 [=====>........................] - ETA: 29s - loss: 4.2953
 267/1205 [=====>........................] - ETA: 29s - loss: 4.2931
 269/1205 [=====>........................] - ETA: 29s - loss: 4.2919
 271/1205 [=====>........................] - ETA: 29s - loss: 4.2907
 273/1205 [=====>........................] - ETA: 28s - loss: 4.2890
 275/1205 [=====>........................] - ETA: 28s - loss: 4.2877
 277/1205 [=====>........................] - ETA: 28s - loss: 4.2859
 279/1205 [=====>........................] - ETA: 28s - loss: 4.2852
 281/1205 [=====>........................] - ETA: 28s - loss: 4.2821
 283/1205 [======>.......................] - ETA: 28s - loss: 4.2801
 285/1205 [======>.......................] - ETA: 28s - loss: 4.2778
 287/1205 [======>.......................] - ETA: 28s - loss: 4.2761
 289/1205 [======>.......................] - ETA: 28s - loss: 4.2739
 291/1205 [======>.......................] - ETA: 28s - loss: 4.2714
 293/1205 [======>.......................] - ETA: 28s - loss: 4.2691
 295/1205 [======>.......................] - ETA: 28s - loss: 4.2670
 297/1205 [======>.......................] - ETA: 28s - loss: 4.2646
 299/1205 [======>.......................] - ETA: 28s - loss: 4.2628
 301/1205 [======>.......................] - ETA: 27s - loss: 4.2606
 303/1205 [======>.......................] - ETA: 27s - loss: 4.2583
 305/1205 [======>.......................] - ETA: 27s - loss: 4.2566
 307/1205 [======>.......................] - ETA: 27s - loss: 4.2554
 309/1205 [======>.......................] - ETA: 27s - loss: 4.2538
 311/1205 [======>.......................] - ETA: 27s - loss: 4.2519
 313/1205 [======>.......................] - ETA: 27s - loss: 4.2504
 315/1205 [======>.......................] - ETA: 27s - loss: 4.2497
 317/1205 [======>.......................] - ETA: 27s - loss: 4.2479
 319/1205 [======>.......................] - ETA: 27s - loss: 4.2461
 321/1205 [======>.......................] - ETA: 27s - loss: 4.2439
 323/1205 [=======>......................] - ETA: 27s - loss: 4.2427
 325/1205 [=======>......................] - ETA: 27s - loss: 4.2419
 327/1205 [=======>......................] - ETA: 27s - loss: 4.2399
 329/1205 [=======>......................] - ETA: 27s - loss: 4.2376
 331/1205 [=======>......................] - ETA: 27s - loss: 4.2354
 333/1205 [=======>......................] - ETA: 26s - loss: 4.2340
 335/1205 [=======>......................] - ETA: 26s - loss: 4.2329
 337/1205 [=======>......................] - ETA: 26s - loss: 4.2315
 339/1205 [=======>......................] - ETA: 26s - loss: 4.2292
 341/1205 [=======>......................] - ETA: 26s - loss: 4.2280
 343/1205 [=======>......................] - ETA: 26s - loss: 4.2258
 345/1205 [=======>......................] - ETA: 26s - loss: 4.2244
 347/1205 [=======>......................] - ETA: 26s - loss: 4.2228
 349/1205 [=======>......................] - ETA: 26s - loss: 4.2210
 351/1205 [=======>......................] - ETA: 26s - loss: 4.2192
 353/1205 [=======>......................] - ETA: 26s - loss: 4.2167
 355/1205 [=======>......................] - ETA: 26s - loss: 4.2148
 357/1205 [=======>......................] - ETA: 26s - loss: 4.2136
 359/1205 [=======>......................] - ETA: 26s - loss: 4.2121
 361/1205 [=======>......................] - ETA: 26s - loss: 4.2095
 363/1205 [========>.....................] - ETA: 26s - loss: 4.2078
 365/1205 [========>.....................] - ETA: 25s - loss: 4.2060
 367/1205 [========>.....................] - ETA: 25s - loss: 4.2046
 369/1205 [========>.....................] - ETA: 25s - loss: 4.2031
 371/1205 [========>.....................] - ETA: 25s - loss: 4.2018
 373/1205 [========>.....................] - ETA: 25s - loss: 4.2011
 375/1205 [========>.....................] - ETA: 25s - loss: 4.1990
 377/1205 [========>.....................] - ETA: 25s - loss: 4.1966
 379/1205 [========>.....................] - ETA: 25s - loss: 4.1951
 381/1205 [========>.....................] - ETA: 25s - loss: 4.1935
 383/1205 [========>.....................] - ETA: 25s - loss: 4.1924
 385/1205 [========>.....................] - ETA: 25s - loss: 4.1909
 387/1205 [========>.....................] - ETA: 25s - loss: 4.1894
 389/1205 [========>.....................] - ETA: 25s - loss: 4.1884
 391/1205 [========>.....................] - ETA: 25s - loss: 4.1872
 393/1205 [========>.....................] - ETA: 25s - loss: 4.1846
 395/1205 [========>.....................] - ETA: 25s - loss: 4.1822
 397/1205 [========>.....................] - ETA: 25s - loss: 4.1816
 399/1205 [========>.....................] - ETA: 24s - loss: 4.1806
 401/1205 [========>.....................] - ETA: 24s - loss: 4.1796
 403/1205 [=========>....................] - ETA: 24s - loss: 4.1788
 405/1205 [=========>....................] - ETA: 24s - loss: 4.1781
 407/1205 [=========>....................] - ETA: 24s - loss: 4.1774
 409/1205 [=========>....................] - ETA: 24s - loss: 4.1757
 412/1205 [=========>....................] - ETA: 24s - loss: 4.1732
 414/1205 [=========>....................] - ETA: 24s - loss: 4.1726
 416/1205 [=========>....................] - ETA: 24s - loss: 4.1708
 418/1205 [=========>....................] - ETA: 24s - loss: 4.1687
 420/1205 [=========>....................] - ETA: 24s - loss: 4.1670
 422/1205 [=========>....................] - ETA: 24s - loss: 4.1659
 424/1205 [=========>....................] - ETA: 24s - loss: 4.1643
 426/1205 [=========>....................] - ETA: 24s - loss: 4.1633
 428/1205 [=========>....................] - ETA: 24s - loss: 4.1620
 430/1205 [=========>....................] - ETA: 24s - loss: 4.1608
 432/1205 [=========>....................] - ETA: 23s - loss: 4.1595
 434/1205 [=========>....................] - ETA: 23s - loss: 4.1583
 436/1205 [=========>....................] - ETA: 23s - loss: 4.1579
 438/1205 [=========>....................] - ETA: 23s - loss: 4.1556
 440/1205 [=========>....................] - ETA: 23s - loss: 4.1545
 442/1205 [==========>...................] - ETA: 23s - loss: 4.1536
 444/1205 [==========>...................] - ETA: 23s - loss: 4.1520
 446/1205 [==========>...................] - ETA: 23s - loss: 4.1509
 448/1205 [==========>...................] - ETA: 23s - loss: 4.1492
 450/1205 [==========>...................] - ETA: 23s - loss: 4.1483
 452/1205 [==========>...................] - ETA: 23s - loss: 4.1462
 454/1205 [==========>...................] - ETA: 23s - loss: 4.1446
 456/1205 [==========>...................] - ETA: 23s - loss: 4.1430
 458/1205 [==========>...................] - ETA: 23s - loss: 4.1418
 460/1205 [==========>...................] - ETA: 23s - loss: 4.1402
 462/1205 [==========>...................] - ETA: 23s - loss: 4.1389
 464/1205 [==========>...................] - ETA: 22s - loss: 4.1370
 466/1205 [==========>...................] - ETA: 22s - loss: 4.1359
 468/1205 [==========>...................] - ETA: 22s - loss: 4.1344
 470/1205 [==========>...................] - ETA: 22s - loss: 4.1326
 472/1205 [==========>...................] - ETA: 22s - loss: 4.1305
 475/1205 [==========>...................] - ETA: 22s - loss: 4.1286
 477/1205 [==========>...................] - ETA: 22s - loss: 4.1267
 479/1205 [==========>...................] - ETA: 22s - loss: 4.1255
 481/1205 [==========>...................] - ETA: 22s - loss: 4.1244
 483/1205 [===========>..................] - ETA: 22s - loss: 4.1231
 485/1205 [===========>..................] - ETA: 22s - loss: 4.1221
 487/1205 [===========>..................] - ETA: 22s - loss: 4.1209
 489/1205 [===========>..................] - ETA: 22s - loss: 4.1194
 491/1205 [===========>..................] - ETA: 21s - loss: 4.1174
 493/1205 [===========>..................] - ETA: 21s - loss: 4.1153
 495/1205 [===========>..................] - ETA: 21s - loss: 4.1130
 497/1205 [===========>..................] - ETA: 21s - loss: 4.1119
 499/1205 [===========>..................] - ETA: 21s - loss: 4.1101
 501/1205 [===========>..................] - ETA: 21s - loss: 4.1081
 503/1205 [===========>..................] - ETA: 21s - loss: 4.1063
 505/1205 [===========>..................] - ETA: 21s - loss: 4.1049
 507/1205 [===========>..................] - ETA: 21s - loss: 4.1027
 509/1205 [===========>..................] - ETA: 21s - loss: 4.1012
 511/1205 [===========>..................] - ETA: 21s - loss: 4.0992
 513/1205 [===========>..................] - ETA: 21s - loss: 4.0980
 515/1205 [===========>..................] - ETA: 21s - loss: 4.0965
 517/1205 [===========>..................] - ETA: 21s - loss: 4.0951
 519/1205 [===========>..................] - ETA: 21s - loss: 4.0940
 521/1205 [===========>..................] - ETA: 21s - loss: 4.0931
 523/1205 [============>.................] - ETA: 20s - loss: 4.0919
 525/1205 [============>.................] - ETA: 20s - loss: 4.0902
 527/1205 [============>.................] - ETA: 20s - loss: 4.0886
 529/1205 [============>.................] - ETA: 20s - loss: 4.0872
 531/1205 [============>.................] - ETA: 20s - loss: 4.0852
 533/1205 [============>.................] - ETA: 20s - loss: 4.0829
 535/1205 [============>.................] - ETA: 20s - loss: 4.0806
 537/1205 [============>.................] - ETA: 20s - loss: 4.0783
 539/1205 [============>.................] - ETA: 20s - loss: 4.0760
 541/1205 [============>.................] - ETA: 20s - loss: 4.0739
 543/1205 [============>.................] - ETA: 20s - loss: 4.0728
 545/1205 [============>.................] - ETA: 20s - loss: 4.0712
 547/1205 [============>.................] - ETA: 20s - loss: 4.0698
 549/1205 [============>.................] - ETA: 20s - loss: 4.0678
 551/1205 [============>.................] - ETA: 20s - loss: 4.0665
 553/1205 [============>.................] - ETA: 19s - loss: 4.0655
 555/1205 [============>.................] - ETA: 19s - loss: 4.0636
 557/1205 [============>.................] - ETA: 19s - loss: 4.0619
 559/1205 [============>.................] - ETA: 19s - loss: 4.0601
 561/1205 [============>.................] - ETA: 19s - loss: 4.0585
 563/1205 [=============>................] - ETA: 19s - loss: 4.0561
 565/1205 [=============>................] - ETA: 19s - loss: 4.0546
 567/1205 [=============>................] - ETA: 19s - loss: 4.0526
 569/1205 [=============>................] - ETA: 19s - loss: 4.0507
 571/1205 [=============>................] - ETA: 19s - loss: 4.0494
 573/1205 [=============>................] - ETA: 19s - loss: 4.0478
 575/1205 [=============>................] - ETA: 19s - loss: 4.0459
 577/1205 [=============>................] - ETA: 19s - loss: 4.0441
 579/1205 [=============>................] - ETA: 19s - loss: 4.0421
 581/1205 [=============>................] - ETA: 19s - loss: 4.0402
 583/1205 [=============>................] - ETA: 19s - loss: 4.0379
 585/1205 [=============>................] - ETA: 19s - loss: 4.0363
 587/1205 [=============>................] - ETA: 18s - loss: 4.0349
 589/1205 [=============>................] - ETA: 18s - loss: 4.0331
 591/1205 [=============>................] - ETA: 18s - loss: 4.0310
 593/1205 [=============>................] - ETA: 18s - loss: 4.0290
 595/1205 [=============>................] - ETA: 18s - loss: 4.0272
 597/1205 [=============>................] - ETA: 18s - loss: 4.0257
 599/1205 [=============>................] - ETA: 18s - loss: 4.0240
 601/1205 [=============>................] - ETA: 18s - loss: 4.0223
 603/1205 [==============>...............] - ETA: 18s - loss: 4.0201
 605/1205 [==============>...............] - ETA: 18s - loss: 4.0182
 607/1205 [==============>...............] - ETA: 18s - loss: 4.0167
 609/1205 [==============>...............] - ETA: 18s - loss: 4.0142
 611/1205 [==============>...............] - ETA: 18s - loss: 4.0123
 613/1205 [==============>...............] - ETA: 18s - loss: 4.0101
 615/1205 [==============>...............] - ETA: 18s - loss: 4.0082
 617/1205 [==============>...............] - ETA: 18s - loss: 4.0063
 619/1205 [==============>...............] - ETA: 18s - loss: 4.0043
 621/1205 [==============>...............] - ETA: 17s - loss: 4.0024
 623/1205 [==============>...............] - ETA: 17s - loss: 4.0006
 625/1205 [==============>...............] - ETA: 17s - loss: 3.9993
 627/1205 [==============>...............] - ETA: 17s - loss: 3.9969
 629/1205 [==============>...............] - ETA: 17s - loss: 3.9944
 631/1205 [==============>...............] - ETA: 17s - loss: 3.9924
 633/1205 [==============>...............] - ETA: 17s - loss: 3.9909
 635/1205 [==============>...............] - ETA: 17s - loss: 3.9890
 637/1205 [==============>...............] - ETA: 17s - loss: 3.9873
 639/1205 [==============>...............] - ETA: 17s - loss: 3.9861
 641/1205 [==============>...............] - ETA: 17s - loss: 3.9849
 643/1205 [===============>..............] - ETA: 17s - loss: 3.9831
 645/1205 [===============>..............] - ETA: 17s - loss: 3.9808
 647/1205 [===============>..............] - ETA: 17s - loss: 3.9793
 649/1205 [===============>..............] - ETA: 17s - loss: 3.9778
 651/1205 [===============>..............] - ETA: 17s - loss: 3.9761
 653/1205 [===============>..............] - ETA: 17s - loss: 3.9747
 655/1205 [===============>..............] - ETA: 16s - loss: 3.9728
 657/1205 [===============>..............] - ETA: 16s - loss: 3.9713
 659/1205 [===============>..............] - ETA: 16s - loss: 3.9697
 661/1205 [===============>..............] - ETA: 16s - loss: 3.9675
 663/1205 [===============>..............] - ETA: 16s - loss: 3.9663
 665/1205 [===============>..............] - ETA: 16s - loss: 3.9650
 667/1205 [===============>..............] - ETA: 16s - loss: 3.9631
 669/1205 [===============>..............] - ETA: 16s - loss: 3.9613
 671/1205 [===============>..............] - ETA: 16s - loss: 3.9593
 673/1205 [===============>..............] - ETA: 16s - loss: 3.9575
 675/1205 [===============>..............] - ETA: 16s - loss: 3.9555
 677/1205 [===============>..............] - ETA: 16s - loss: 3.9537
 679/1205 [===============>..............] - ETA: 16s - loss: 3.9519
 681/1205 [===============>..............] - ETA: 16s - loss: 3.9500
 683/1205 [================>.............] - ETA: 16s - loss: 3.9485
 685/1205 [================>.............] - ETA: 16s - loss: 3.9475
 687/1205 [================>.............] - ETA: 15s - loss: 3.9458
 689/1205 [================>.............] - ETA: 15s - loss: 3.9444
 691/1205 [================>.............] - ETA: 15s - loss: 3.9425
 693/1205 [================>.............] - ETA: 15s - loss: 3.9408
 695/1205 [================>.............] - ETA: 15s - loss: 3.9384
 697/1205 [================>.............] - ETA: 15s - loss: 3.9369
 699/1205 [================>.............] - ETA: 15s - loss: 3.9353
 701/1205 [================>.............] - ETA: 15s - loss: 3.9333
 703/1205 [================>.............] - ETA: 15s - loss: 3.9321
 705/1205 [================>.............] - ETA: 15s - loss: 3.9305
 707/1205 [================>.............] - ETA: 15s - loss: 3.9289
 709/1205 [================>.............] - ETA: 15s - loss: 3.9274
 711/1205 [================>.............] - ETA: 15s - loss: 3.9263
 713/1205 [================>.............] - ETA: 15s - loss: 3.9245
 715/1205 [================>.............] - ETA: 15s - loss: 3.9232
 717/1205 [================>.............] - ETA: 15s - loss: 3.9217
 719/1205 [================>.............] - ETA: 14s - loss: 3.9204
 721/1205 [================>.............] - ETA: 14s - loss: 3.9191
 723/1205 [=================>............] - ETA: 14s - loss: 3.9173
 725/1205 [=================>............] - ETA: 14s - loss: 3.9156
 727/1205 [=================>............] - ETA: 14s - loss: 3.9142
 729/1205 [=================>............] - ETA: 14s - loss: 3.9124
 731/1205 [=================>............] - ETA: 14s - loss: 3.9111
 733/1205 [=================>............] - ETA: 14s - loss: 3.9097
 735/1205 [=================>............] - ETA: 14s - loss: 3.9078
 737/1205 [=================>............] - ETA: 14s - loss: 3.9062
 739/1205 [=================>............] - ETA: 14s - loss: 3.9049
 741/1205 [=================>............] - ETA: 14s - loss: 3.9031
 743/1205 [=================>............] - ETA: 14s - loss: 3.9014
 745/1205 [=================>............] - ETA: 14s - loss: 3.8998
 747/1205 [=================>............] - ETA: 14s - loss: 3.8981
 749/1205 [=================>............] - ETA: 14s - loss: 3.8968
 751/1205 [=================>............] - ETA: 14s - loss: 3.8954
 753/1205 [=================>............] - ETA: 13s - loss: 3.8940
 755/1205 [=================>............] - ETA: 13s - loss: 3.8924
 757/1205 [=================>............] - ETA: 13s - loss: 3.8912
 759/1205 [=================>............] - ETA: 13s - loss: 3.8903
 761/1205 [=================>............] - ETA: 13s - loss: 3.8890
 763/1205 [=================>............] - ETA: 13s - loss: 3.8873
 765/1205 [==================>...........] - ETA: 13s - loss: 3.8854
 767/1205 [==================>...........] - ETA: 13s - loss: 3.8842
 769/1205 [==================>...........] - ETA: 13s - loss: 3.8824
 771/1205 [==================>...........] - ETA: 13s - loss: 3.8809
 773/1205 [==================>...........] - ETA: 13s - loss: 3.8791
 775/1205 [==================>...........] - ETA: 13s - loss: 3.8776
 777/1205 [==================>...........] - ETA: 13s - loss: 3.8761
 779/1205 [==================>...........] - ETA: 13s - loss: 3.8751
 781/1205 [==================>...........] - ETA: 13s - loss: 3.8737
 784/1205 [==================>...........] - ETA: 12s - loss: 3.8713
 786/1205 [==================>...........] - ETA: 12s - loss: 3.8697
 788/1205 [==================>...........] - ETA: 12s - loss: 3.8677
 790/1205 [==================>...........] - ETA: 12s - loss: 3.8662
 792/1205 [==================>...........] - ETA: 12s - loss: 3.8646
 794/1205 [==================>...........] - ETA: 12s - loss: 3.8630
 796/1205 [==================>...........] - ETA: 12s - loss: 3.8613
 798/1205 [==================>...........] - ETA: 12s - loss: 3.8598
 800/1205 [==================>...........] - ETA: 12s - loss: 3.8580
 803/1205 [==================>...........] - ETA: 12s - loss: 3.8554
 805/1205 [===================>..........] - ETA: 12s - loss: 3.8540
 807/1205 [===================>..........] - ETA: 12s - loss: 3.8525
 809/1205 [===================>..........] - ETA: 12s - loss: 3.8513
 811/1205 [===================>..........] - ETA: 12s - loss: 3.8499
 813/1205 [===================>..........] - ETA: 12s - loss: 3.8485
 815/1205 [===================>..........] - ETA: 11s - loss: 3.8473
 818/1205 [===================>..........] - ETA: 11s - loss: 3.8454
 820/1205 [===================>..........] - ETA: 11s - loss: 3.8440
 822/1205 [===================>..........] - ETA: 11s - loss: 3.8427
 824/1205 [===================>..........] - ETA: 11s - loss: 3.8413
 826/1205 [===================>..........] - ETA: 11s - loss: 3.8405
 828/1205 [===================>..........] - ETA: 11s - loss: 3.8391
 830/1205 [===================>..........] - ETA: 11s - loss: 3.8378
 832/1205 [===================>..........] - ETA: 11s - loss: 3.8364
 834/1205 [===================>..........] - ETA: 11s - loss: 3.8351
 836/1205 [===================>..........] - ETA: 11s - loss: 3.8344
 838/1205 [===================>..........] - ETA: 11s - loss: 3.8332
 841/1205 [===================>..........] - ETA: 11s - loss: 3.8312
 843/1205 [===================>..........] - ETA: 11s - loss: 3.8295
 845/1205 [====================>.........] - ETA: 11s - loss: 3.8281
 847/1205 [====================>.........] - ETA: 10s - loss: 3.8263
 849/1205 [====================>.........] - ETA: 10s - loss: 3.8251
 851/1205 [====================>.........] - ETA: 10s - loss: 3.8235
 853/1205 [====================>.........] - ETA: 10s - loss: 3.8217
 855/1205 [====================>.........] - ETA: 10s - loss: 3.8205
 857/1205 [====================>.........] - ETA: 10s - loss: 3.8191
 859/1205 [====================>.........] - ETA: 10s - loss: 3.8178
 861/1205 [====================>.........] - ETA: 10s - loss: 3.8165
 863/1205 [====================>.........] - ETA: 10s - loss: 3.8151
 865/1205 [====================>.........] - ETA: 10s - loss: 3.8140
 868/1205 [====================>.........] - ETA: 10s - loss: 3.8124
 870/1205 [====================>.........] - ETA: 10s - loss: 3.8110
 872/1205 [====================>.........] - ETA: 10s - loss: 3.8098
 874/1205 [====================>.........] - ETA: 10s - loss: 3.8083
 876/1205 [====================>.........] - ETA: 10s - loss: 3.8073
 878/1205 [====================>.........] - ETA: 9s - loss: 3.8060 
 880/1205 [====================>.........] - ETA: 9s - loss: 3.8047
 882/1205 [====================>.........] - ETA: 9s - loss: 3.8035
 885/1205 [=====================>........] - ETA: 9s - loss: 3.8011
 887/1205 [=====================>........] - ETA: 9s - loss: 3.8002
 890/1205 [=====================>........] - ETA: 9s - loss: 3.7984
 892/1205 [=====================>........] - ETA: 9s - loss: 3.7974
 894/1205 [=====================>........] - ETA: 9s - loss: 3.7959
 896/1205 [=====================>........] - ETA: 9s - loss: 3.7946
 898/1205 [=====================>........] - ETA: 9s - loss: 3.7936
 900/1205 [=====================>........] - ETA: 9s - loss: 3.7925
 902/1205 [=====================>........] - ETA: 9s - loss: 3.7910
 904/1205 [=====================>........] - ETA: 9s - loss: 3.7901
 907/1205 [=====================>........] - ETA: 9s - loss: 3.7879
 909/1205 [=====================>........] - ETA: 9s - loss: 3.7868
 911/1205 [=====================>........] - ETA: 8s - loss: 3.7855
 913/1205 [=====================>........] - ETA: 8s - loss: 3.7846
 915/1205 [=====================>........] - ETA: 8s - loss: 3.7837
 917/1205 [=====================>........] - ETA: 8s - loss: 3.7825
 919/1205 [=====================>........] - ETA: 8s - loss: 3.7815
 921/1205 [=====================>........] - ETA: 8s - loss: 3.7801
 923/1205 [=====================>........] - ETA: 8s - loss: 3.7788
 925/1205 [======================>.......] - ETA: 8s - loss: 3.7774
 927/1205 [======================>.......] - ETA: 8s - loss: 3.7764
 929/1205 [======================>.......] - ETA: 8s - loss: 3.7754
 931/1205 [======================>.......] - ETA: 8s - loss: 3.7742
 933/1205 [======================>.......] - ETA: 8s - loss: 3.7731
 936/1205 [======================>.......] - ETA: 8s - loss: 3.7715
 938/1205 [======================>.......] - ETA: 8s - loss: 3.7707
 940/1205 [======================>.......] - ETA: 8s - loss: 3.7692
 942/1205 [======================>.......] - ETA: 7s - loss: 3.7678
 944/1205 [======================>.......] - ETA: 7s - loss: 3.7663
 946/1205 [======================>.......] - ETA: 7s - loss: 3.7655
 948/1205 [======================>.......] - ETA: 7s - loss: 3.7646
 950/1205 [======================>.......] - ETA: 7s - loss: 3.7633
 952/1205 [======================>.......] - ETA: 7s - loss: 3.7623
 954/1205 [======================>.......] - ETA: 7s - loss: 3.7611
 956/1205 [======================>.......] - ETA: 7s - loss: 3.7599
 958/1205 [======================>.......] - ETA: 7s - loss: 3.7585
 960/1205 [======================>.......] - ETA: 7s - loss: 3.7576
 962/1205 [======================>.......] - ETA: 7s - loss: 3.7567
 964/1205 [=======================>......] - ETA: 7s - loss: 3.7553
 966/1205 [=======================>......] - ETA: 7s - loss: 3.7541
 968/1205 [=======================>......] - ETA: 7s - loss: 3.7533
 970/1205 [=======================>......] - ETA: 7s - loss: 3.7525
 972/1205 [=======================>......] - ETA: 7s - loss: 3.7515
 974/1205 [=======================>......] - ETA: 7s - loss: 3.7505
 976/1205 [=======================>......] - ETA: 6s - loss: 3.7497
 978/1205 [=======================>......] - ETA: 6s - loss: 3.7485
 980/1205 [=======================>......] - ETA: 6s - loss: 3.7474
 982/1205 [=======================>......] - ETA: 6s - loss: 3.7464
 984/1205 [=======================>......] - ETA: 6s - loss: 3.7457
 986/1205 [=======================>......] - ETA: 6s - loss: 3.7450
 988/1205 [=======================>......] - ETA: 6s - loss: 3.7439
 990/1205 [=======================>......] - ETA: 6s - loss: 3.7426
 992/1205 [=======================>......] - ETA: 6s - loss: 3.7417
 994/1205 [=======================>......] - ETA: 6s - loss: 3.7410
 996/1205 [=======================>......] - ETA: 6s - loss: 3.7400
 998/1205 [=======================>......] - ETA: 6s - loss: 3.7390
1000/1205 [=======================>......] - ETA: 6s - loss: 3.7380
1002/1205 [=======================>......] - ETA: 6s - loss: 3.7373
1004/1205 [=======================>......] - ETA: 6s - loss: 3.7362
1006/1205 [========================>.....] - ETA: 6s - loss: 3.7351
1008/1205 [========================>.....] - ETA: 6s - loss: 3.7339
1010/1205 [========================>.....] - ETA: 5s - loss: 3.7330
1012/1205 [========================>.....] - ETA: 5s - loss: 3.7320
1014/1205 [========================>.....] - ETA: 5s - loss: 3.7309
1016/1205 [========================>.....] - ETA: 5s - loss: 3.7302
1018/1205 [========================>.....] - ETA: 5s - loss: 3.7290
1020/1205 [========================>.....] - ETA: 5s - loss: 3.7279
1022/1205 [========================>.....] - ETA: 5s - loss: 3.7271
1024/1205 [========================>.....] - ETA: 5s - loss: 3.7260
1026/1205 [========================>.....] - ETA: 5s - loss: 3.7252
1028/1205 [========================>.....] - ETA: 5s - loss: 3.7241
1030/1205 [========================>.....] - ETA: 5s - loss: 3.7231
1032/1205 [========================>.....] - ETA: 5s - loss: 3.7217
1034/1205 [========================>.....] - ETA: 5s - loss: 3.7211
1036/1205 [========================>.....] - ETA: 5s - loss: 3.7201
1038/1205 [========================>.....] - ETA: 5s - loss: 3.7193
1040/1205 [========================>.....] - ETA: 5s - loss: 3.7182
1042/1205 [========================>.....] - ETA: 4s - loss: 3.7174
1044/1205 [========================>.....] - ETA: 4s - loss: 3.7161
1046/1205 [=========================>....] - ETA: 4s - loss: 3.7149
1048/1205 [=========================>....] - ETA: 4s - loss: 3.7136
1050/1205 [=========================>....] - ETA: 4s - loss: 3.7129
1052/1205 [=========================>....] - ETA: 4s - loss: 3.7120
1054/1205 [=========================>....] - ETA: 4s - loss: 3.7109
1056/1205 [=========================>....] - ETA: 4s - loss: 3.7096
1058/1205 [=========================>....] - ETA: 4s - loss: 3.7083
1060/1205 [=========================>....] - ETA: 4s - loss: 3.7072
1062/1205 [=========================>....] - ETA: 4s - loss: 3.7059
1064/1205 [=========================>....] - ETA: 4s - loss: 3.7052
1066/1205 [=========================>....] - ETA: 4s - loss: 3.7045
1068/1205 [=========================>....] - ETA: 4s - loss: 3.7036
1070/1205 [=========================>....] - ETA: 4s - loss: 3.7026
1072/1205 [=========================>....] - ETA: 4s - loss: 3.7013
1074/1205 [=========================>....] - ETA: 4s - loss: 3.7001
1076/1205 [=========================>....] - ETA: 3s - loss: 3.6994
1078/1205 [=========================>....] - ETA: 3s - loss: 3.6983
1080/1205 [=========================>....] - ETA: 3s - loss: 3.6973
1082/1205 [=========================>....] - ETA: 3s - loss: 3.6961
1084/1205 [=========================>....] - ETA: 3s - loss: 3.6952
1086/1205 [==========================>...] - ETA: 3s - loss: 3.6947
1088/1205 [==========================>...] - ETA: 3s - loss: 3.6937
1090/1205 [==========================>...] - ETA: 3s - loss: 3.6929
1092/1205 [==========================>...] - ETA: 3s - loss: 3.6915
1094/1205 [==========================>...] - ETA: 3s - loss: 3.6903
1096/1205 [==========================>...] - ETA: 3s - loss: 3.6892
1098/1205 [==========================>...] - ETA: 3s - loss: 3.6883
1100/1205 [==========================>...] - ETA: 3s - loss: 3.6872
1102/1205 [==========================>...] - ETA: 3s - loss: 3.6861
1104/1205 [==========================>...] - ETA: 3s - loss: 3.6852
1106/1205 [==========================>...] - ETA: 3s - loss: 3.6843
1108/1205 [==========================>...] - ETA: 2s - loss: 3.6833
1110/1205 [==========================>...] - ETA: 2s - loss: 3.6823
1112/1205 [==========================>...] - ETA: 2s - loss: 3.6813
1114/1205 [==========================>...] - ETA: 2s - loss: 3.6807
1116/1205 [==========================>...] - ETA: 2s - loss: 3.6799
1118/1205 [==========================>...] - ETA: 2s - loss: 3.6790
1120/1205 [==========================>...] - ETA: 2s - loss: 3.6782
1122/1205 [==========================>...] - ETA: 2s - loss: 3.6773
1124/1205 [==========================>...] - ETA: 2s - loss: 3.6765
1126/1205 [===========================>..] - ETA: 2s - loss: 3.6755
1128/1205 [===========================>..] - ETA: 2s - loss: 3.6747
1130/1205 [===========================>..] - ETA: 2s - loss: 3.6738
1132/1205 [===========================>..] - ETA: 2s - loss: 3.6724
1134/1205 [===========================>..] - ETA: 2s - loss: 3.6717
1136/1205 [===========================>..] - ETA: 2s - loss: 3.6706
1138/1205 [===========================>..] - ETA: 2s - loss: 3.6696
1140/1205 [===========================>..] - ETA: 1s - loss: 3.6687
1142/1205 [===========================>..] - ETA: 1s - loss: 3.6679
1144/1205 [===========================>..] - ETA: 1s - loss: 3.6669
1146/1205 [===========================>..] - ETA: 1s - loss: 3.6658
1148/1205 [===========================>..] - ETA: 1s - loss: 3.6651
1150/1205 [===========================>..] - ETA: 1s - loss: 3.6640
1152/1205 [===========================>..] - ETA: 1s - loss: 3.6631
1154/1205 [===========================>..] - ETA: 1s - loss: 3.6621
1156/1205 [===========================>..] - ETA: 1s - loss: 3.6611
1158/1205 [===========================>..] - ETA: 1s - loss: 3.6601
1160/1205 [===========================>..] - ETA: 1s - loss: 3.6589
1162/1205 [===========================>..] - ETA: 1s - loss: 3.6578
1164/1205 [===========================>..] - ETA: 1s - loss: 3.6570
1166/1205 [============================>.] - ETA: 1s - loss: 3.6559
1168/1205 [============================>.] - ETA: 1s - loss: 3.6552
1170/1205 [============================>.] - ETA: 1s - loss: 3.6542
1172/1205 [============================>.] - ETA: 1s - loss: 3.6534
1174/1205 [============================>.] - ETA: 0s - loss: 3.6525
1176/1205 [============================>.] - ETA: 0s - loss: 3.6514
1178/1205 [============================>.] - ETA: 0s - loss: 3.6503
1180/1205 [============================>.] - ETA: 0s - loss: 3.6496
1182/1205 [============================>.] - ETA: 0s - loss: 3.6490
1184/1205 [============================>.] - ETA: 0s - loss: 3.6482
1186/1205 [============================>.] - ETA: 0s - loss: 3.6475
1188/1205 [============================>.] - ETA: 0s - loss: 3.6465
1190/1205 [============================>.] - ETA: 0s - loss: 3.6458
1192/1205 [============================>.] - ETA: 0s - loss: 3.6448
1194/1205 [============================>.] - ETA: 0s - loss: 3.6437
1196/1205 [============================>.] - ETA: 0s - loss: 3.6429
1198/1205 [============================>.] - ETA: 0s - loss: 3.6420
1200/1205 [============================>.] - ETA: 0s - loss: 3.6411
1202/1205 [============================>.] - ETA: 0s - loss: 3.6401
1204/1205 [============================>.] - ETA: 0s - loss: 3.6392
Epoch 1: loss improved from inf to 3.63881, saving model to ..\data\trained_models\ExpLoremIpsum5\biLSTM.hdf5
